        37.54934726429        -48.41074157072         36.49319881258        -45.44375251242
       -40.27114795324         12.76240235217        -38.99157368656         38.22126320494
       -16.22641970988         11.98348716854         18.92917869835         47.09821983830
        -6.02089751606         16.23155387920        -16.70987243646        -43.10608068218
       -22.81054778316        -46.13600712359        -22.69875032719          1.55415763925
         1.92264846623         -3.40311672472         35.15827354281         49.12858798045
        -4.41094975364         -1.18489027309         20.23692087820        -47.48463057874
       -44.78314829103         -2.83300554998         32.62785326397        -27.81331503967
        31.31056595398          9.05804061452         29.88920840399        -19.75173420035
        48.68966741013         42.67768952253        -42.50206228449         35.82685532095
       -14.45975017163         35.78541970944        -43.95150815236        -31.82586788257
        -4.48170385636          0.57553869333         13.00014839559        -31.61176671868
       -47.54513759169         46.82900708425         10.55279135375         49.57276760374
       -24.03660622193         46.77386238448        -15.35990081010        -45.06476542070
        16.89160374052        -21.56115469723        -41.62869965658        -16.65298681402
        -2.32647373971        -48.04887709063         20.14233158005        -29.58872879766
       -37.13755592231          1.17491140886         43.50934608236         41.60914163077
        40.65220799644        -10.19780470070          9.43188383699         30.51059064015
        14.61983135199         18.91071468513          2.45181041393         32.06179378977
       -17.28806908436        -41.55623003116          5.37272818152         22.72365948262
        19.31863094813         46.69479303754        -25.20430241958         43.09759003933
       -15.67543907865        -17.34012006514         21.06277456513        -12.53810778033
         6.69800761671         41.22085614261         44.16410150440         40.83026452710
        15.89497064039        -31.19352487601         -2.85337830508         11.31933474844
        33.32340690434          8.21160697006         19.29912737079        -10.16333054554
        -4.44647731641        -17.15947720944         13.61391154968         27.04036740091
       -14.48560708116         27.24283292320        -13.32570124122        -22.67957702078
        32.24846439919        -26.39604249056        -39.64634475004         -3.70104056128
        44.19266689015        -48.28309864603         -2.70520721088        -33.03799745223
       -30.94990155676         18.51044147579         -0.45390110273        -31.16831035250
       -47.90659607915        -44.03980624993         -2.10359822980        -28.46422570474
       -22.19796066926         -6.77801494847          6.68301763319         21.44383976328
        12.66352641230        -30.22636740976         47.93608010919         40.75107970701
       -25.14297737702         16.42429212972        -48.48043305910          5.74188335526
       -17.89982935543          0.01310879359         15.12437689909         18.69563214101
       -28.65439518918         25.22787978268        -42.00527753734          7.89767732319
        34.11107706512          0.79347062838         21.86201600340        -15.65468693844
       -22.48451532202         17.13091650145        -28.77878165929        -28.88415535065
        49.90598685084         16.93001039095        -14.62073556150          9.85432545168
       -19.55214519504        -20.54187110673         -2.45911439160        -46.93318835021
        23.23211140947         17.33097006382         28.20069507018        -15.53228490905
         3.58337308030         17.41673148043         -8.91957590146         28.31362133142
       -36.08484582956         41.22946968798        -14.26607932870         20.71851612095
       -30.30711107903         12.37706438595        -28.77540512673        -41.32176652978
        -5.47862238037         40.99925481278        -40.71955484148         22.40712579589
         3.80124685274         20.02683383560         11.39273616723         10.16396479076
        18.75699438554         19.71046598698        -38.98097425029        -10.86924753190
       -31.28546822701         12.18848957408        -47.86613865203         -6.67323913745
       -35.13592109273        -37.64537113741         46.19036483510         49.11252477015
         0.54968893051         -6.27394312177         43.00079996760         48.91327438849
       -28.06230532222         25.19796719484        -15.26952839552         -3.78004169969
        14.90334030930         13.20768905265         48.32418571383         37.70098232013
         0.04130297076         14.55576463747        -17.08752246349        -41.40104834577
       -44.24866118313         35.90448691017         18.08432063151        -17.31986521603
        37.63979812125         20.46874964063         30.45071022084        -29.19279428385
        36.20349918617         33.26448506166        -46.47740667120         29.45236324058
       -46.36467812498        -39.74513259233         37.26397480175        -33.35736138581
       -35.08404152560        -33.07357425614         27.89065028249        -40.88407690820
       -43.10147842136         48.33397903548         37.85387195346        -40.13748384657
        -6.27571372214          5.24862515778         14.95828724877         38.85526540604
       -17.69197832879         41.55402077426         40.71403568910         43.67990225427
        27.04565943815         -1.21184213032        -36.95876632663         43.78572042761
         8.39426152003         35.17799112421         20.48751903463        -31.85859648099
        -0.66767921247        -47.27232414772         17.95987824781          7.90378571118
        40.20633592784        -12.86528862688        -23.15896049033         45.47539902101
        43.64403547541         41.94449615967        -22.13261052929        -33.05406976304
         1.38930390492        -22.79033774621        -24.74611176205         17.95501064556
       -47.79468909524         34.00448863573        -48.06814263668         -8.65786643393
       -11.37696814516        -36.62530205152         18.47926391872        -30.50598442500
        10.24650048875        -37.96139787120        -43.31112857397         16.47263295836
       -21.70049486912          3.99849542762         45.91883530233         19.76093882745
         0.47835095323          0.72554523326         -3.85798850789         35.51378910007
         9.78550573121          3.99445930626        -14.24424541128         -0.55092854039
        15.15336293331         41.51348227901          8.34604883822         14.79139090258
        15.98428879514        -21.63247150579         21.95188167377        -15.86034050892
       -34.31057666024         38.96952708558        -36.70311048230        -40.85254375667
        40.99016295059        -43.73046009039          2.48232963332          5.98001603001
       -34.78545218412         23.82794679653        -29.29919369549         38.70381870881
         6.71205181284        -21.19674790753        -26.78854153970        -11.62245233910
         7.41608855178         40.45788610366        -16.87213347477         -1.40230697002
        12.72052509904        -27.95278578230         -8.74266829599         47.15726785890
         0.88884691392        -28.89155086003        -13.92327412632         -5.66837405572
        25.42104417452         20.67429310227         47.82906120416         37.33634469456
        22.56711995382          1.30805199174        -17.12928911106         23.00937812504
        39.90621350116        -20.06838716204        -23.39389659282         46.45547143797
       -42.09590858082        -33.11947541463        -31.07939825660        -25.69080255460
       -23.98821905883         17.78248478129         -7.15974626405         49.51035215086
       -19.92894973078         39.32612050266          2.26002517869          7.85775068564
        31.77470634268         31.68794386854         23.22301503126         -6.55280186073
        12.26321507101         11.13704793042         17.07088573264         32.60027535560
        28.56827542133        -39.13187515702          8.91155598472         22.96087140309
         4.22552314738         49.98394257680         21.34555024538         -5.30639435390
       -34.55386033645        -24.66831337355        -11.69445917724        -13.60320835775
       -27.76998669241        -19.94890641425         25.17840662611        -45.56709530118
        -9.43240583758        -36.91616087468         21.71581910675         -9.61694476821
        32.39740953131        -29.93382371930         27.22300412873         -1.27505257416
        -5.57680899449         46.80092459045          4.31272918532        -38.94221172244
         0.82021546735        -39.94234702181         18.03564633487        -39.63240655046
        23.32870051435        -33.59807911598         15.57417514507         37.25698544086
       -15.69115840695         44.01588570231         35.23558625886          5.66981706786
        18.16088040466        -49.16799676536          4.58024663715        -21.64285430175
        43.77672878100        -15.39979423941        -18.41148196916         25.71080167536
        49.20017657897        -43.70221902095         30.58969000536        -17.31369243221
         2.48285187895        -28.29451199536        -23.13089254337        -18.23465901424
       -44.92419499668         44.82805552809         13.10985122708          8.80362984788
        33.59491060942          4.83995560301          4.84119664768        -37.37535315259
        44.47277438434        -22.62264103690        -21.20515210681         46.57743609925
       -19.21423731608        -25.02990883291          8.41408249081        -18.37949423074
        42.79215784138        -28.82574792646          5.00715244453        -27.28403052271
       -10.45511912590         29.53890742118          0.04466898785        -16.21852648105
       -48.99749311975         33.85865953113         34.00854412039         18.94676947946
       -25.34676034706         35.07839124406        -30.04483246871        -36.84606922352
        -0.19815109682         40.01821914624        -37.65982912900         23.31193783513
        -0.33626739355         24.40486144029          0.56206877155         16.24874260142
       -28.54479264977         45.46020074233          8.96233262241         -2.95533473220
        10.60294253749         32.70415439015         19.13375795700         21.81867017532
       -31.24491639827        -44.07046320604         34.33319012413        -11.83151545821
        13.13688869237        -29.13562344262        -25.41739581402        -39.77251324071
        -5.68901267079         -0.10918944058         45.11079731882        -43.96008646621
       -22.94186066017         45.66672014559         29.10751321809        -11.63633151632
        40.19050938506        -38.97103042718         36.45692189764        -26.19810062508
       -47.74884070581         -4.25794621810        -25.10258677580         26.43571955934
        24.70167819734         21.90954811617         23.33993697477         46.32019778907
        18.09349019324         35.04437213349        -27.57020865709         28.55024281164
        -7.44754121344         29.89144752428         -3.12870272584        -31.22344608514
        27.00107197265          9.61594523181        -25.28679367892         23.13222862336
       -41.10308012348         13.48846611522         46.64593291564         46.95117049540
         6.58851772371        -19.93170695452         -0.31413787026          9.65865642564
       -25.47048256603         -5.49745917767        -47.56802297035        -39.17875259166
       -17.25857168731         32.95584417139         -8.33522878115        -31.57383876651
        14.31975497804        -45.91492715947         47.30052995393         -0.13587370813
       -22.18168731517         44.28961016765        -46.42054696358        -10.07122969436
       -39.26422120433         45.19776033055        -29.60903558701         29.86128952259
        21.82497548636         23.06179664060         17.34650499999         -6.79538755749
       -22.38506343952        -42.81882689714          7.69026275232         -1.17003496155
        40.15540468614        -39.40323160601         20.57115180935          1.66946997769
        -0.91097657194        -48.12985910980         27.51447342243          3.23999442232
       -18.50870892455         -9.13337851895        -45.61538215215        -11.22526782618
       -49.51386154581         -3.35736452771         40.68608584674         20.35377140802
       -45.58086563572        -28.44564506986        -46.13589061280         47.83045300115
       -12.31542856560        -37.25362047948        -16.37311248142         41.19847556093
       -45.34238083848         35.46365267957          0.71903678580        -26.21445928024
       -45.73238087414         48.72794165220        -28.14579911345         -6.21400128471
       -39.13147158418        -45.79984311818          8.70933277136          2.34108740752
        35.98540538356        -16.89480869669         14.18442292523         30.21230534654
       -15.62589882846         -9.05147443052         -3.92896243823          5.81783091771
         4.52340940522         34.85910298480         24.71904837794        -27.52254299795
       -34.69715020075        -32.74482716233         49.92291617800         43.58074083770
        41.42075043151        -28.51514411308         12.66387090478         -9.37468410512
        -6.32063747962         11.00721203238        -12.33674575695         16.57334110625
        36.56177750510         49.09123977245        -39.14742999054        -41.42025956930
       -20.72205763428         23.70974400322        -43.91306863823          6.88417087041
        14.55251647292         13.11912942711          8.05607165456         25.57069275538
       -39.46883775866         -2.09327392416        -36.47431874594         24.32405053527
        -6.88748187139          8.75460145036        -22.76461424746        -35.77577921717
         4.10319194772         47.61109149123        -45.89571163471         14.56651505804
       -21.96073630245        -26.27509082285        -18.78149503500         19.97491730861
        46.50885023856          4.83162312802          9.43488402455         -8.09888687010
         7.96164156445         34.45114590011         -9.24839318692         -2.48770251926
       -41.04250025567        -23.29421912853        -17.99621828793        -31.52283008806
        17.50263320047        -48.42419669415          7.25819433112        -41.00574667114
       -19.61702543394         19.38856750939        -39.73796381440         23.99450320597
        -2.80524465345        -20.03080260738          2.27362506419        -25.85678172342
        22.05374326750         39.56144601927         49.60004945164        -26.95122504831
       -16.86746659159         21.50622733582        -22.08795237073         11.84634891483
        18.85933040028          0.84887633397         12.46544460109         29.01025303336
       -42.75176661415         42.24049479566         30.79348947206         49.16398493476
       -32.58327892752        -30.62920354607         17.87382797825         47.11674919118
       -42.80586456815        -22.81930190339        -49.56202740161        -26.97611672168
       -27.39737319957         21.68210684985        -29.16054046103         -7.76542275842
        -4.82986280845         41.32818681678         21.96274906059         38.18110425260
       -44.35178662644        -14.65202082846         28.46399747793        -48.32502059801
        35.27803591890          7.33743068482        -38.72366090369         43.13094972529
       -20.55736377262         21.14380636500          6.56882756131        -38.89760903682
        11.83180272916        -35.94961798795         35.85183848907         16.69398662439
       -18.73999730809         47.42295030726          1.11067688499        -34.22293957114
       -33.24215624939        -41.99140261223         15.96286029343         47.64656211939
       -29.00078087459        -27.95763255559        -13.66410042181         48.33648280502
        32.82743862928          8.29156206792         -1.83465171780         18.21448363317
        34.77613993702         38.25613456795         -6.29649512886         16.98626787471
        -3.50384542456        -42.62255452396         -1.84205849461         18.21234886406
        -2.33485591740        -11.17815102204        -24.72923492230        -16.17510809248
       -46.25555707455         19.37312443754         33.02920598980        -28.55874406375
       -23.58489447280        -27.64111905687          5.34161572118         25.94119256047
        18.80988022025        -37.45388392975         19.41632148362        -12.33329259151
        15.55449299233        -18.40064463862        -31.38670907099         -5.71920684726
       -31.47843708903         49.21570451247        -49.99244916517         42.21550488239
        -8.47990326744        -31.89131482885        -23.96100268614         20.17592613824
        11.14884692873         -8.36936664495        -44.01836917490         40.62493692353
        42.46320008276        -25.03839682210        -12.18335033096        -34.44173259268
        37.58760834505         45.52820417415        -45.49509271238          1.13994215466
       -34.08995075734         16.64639985858         39.73065488756         33.22661375456
       -41.37933472062          9.74013168380         -7.88262259961         44.51399874402
        39.39255153433        -43.66085020061         31.45874098664        -25.68407490980
        39.84243630218          2.11635981091         21.84847254314        -47.03597967812
        -3.39991498637        -45.66020230565        -12.35717902755         14.67582320437
       -48.98283761595         30.86313399246        -29.63046343274        -22.32595925426
       -10.84421930556        -47.53653141582         18.43373302560          7.39495617152
        48.12729704191          7.00816929088        -37.60130270082        -39.08430592355
       -11.74639617735         -9.42088093564        -44.95920666449         30.95790800677
        20.17583221815        -44.72719128392         32.72613213638         49.19956425950
       -40.44702720122        -19.20431265780         23.47864704192        -35.54030219505
         7.20895675180         14.87144486770         37.55948541353         39.24426621026
       -35.63230133608         21.48425516086          7.73022634539        -49.66629311540
        10.81177661098         42.56347153324         -7.74359690204        -38.52164105650
       -25.66357225106        -31.28697746163        -20.22779292703         37.31777253481
       -39.88728837628         10.23008211490         20.51457347105          4.02594246729
       -41.88314433650         24.83829273919         48.46236164471        -15.53288536930
        -9.17682966686         27.94673698636         -1.65151044365        -39.27827174500
        17.20094269964         47.54645344524         35.32299262572        -21.98255867560
        32.81522286485         42.08810819726         20.23743422772         16.01002145261
       -35.19852888454          2.78080724241         -5.66056864365        -48.55312397251
       -24.22840092597         -8.59294362512         16.90655431924         27.27422079342
        45.43506024378        -22.23923823307         39.56733589783          0.47303638717
       -21.32756651263         -6.93858476023          9.21545071946         -3.44116959123
       -48.81063410212         -6.33066321395         22.94659103414         20.80849204663
        46.50180220911         -6.00711651797         20.62848184678         20.11168733358
        30.92642595390          2.25390480026         25.13085824286         11.43137394289
       -32.52931581481        -21.35867660960        -48.02557107900        -21.51483800949
       -49.60100349986         46.95333091840        -43.52070879094        -30.43002151788
       -30.70959965183        -33.60036758674         21.82917700188         -6.18055403635
        43.03157244247        -22.71286996452        -19.07608369932         14.76926517306
        44.35136220808        -41.77069385647        -15.90617319422         18.20611874619
       -32.69982825555         23.91364788021          1.15267053600        -36.25030231437
        -5.79371007236         47.06367132145        -28.22962850549        -35.00678838391
       -43.42375019916        -46.85489594934        -13.99327580669        -16.48934717797
       -24.78764704824        -42.61266437401         37.36653071043         29.96679409109
        32.46850426138        -23.88146005008        -32.55670246413        -13.73695805694
        17.42657153167        -34.05588658517         26.50328398533         22.14655317298
       -10.70092317715        -37.90784320446        -11.81207855803        -20.97430429654
       -49.58903433281         33.42200524189         -3.24147466680         20.57119599966
       -32.39162389224        -15.59792307660         42.07365417167         40.99076986991
         5.08106143639        -36.25184641466         -0.67231556187         26.03190514145
        -0.51805832000         28.11920917158         -4.34584958235        -45.51822958920
       -22.72614659880         42.99752060151         -9.17065749335         29.81546767601
        43.45431340343        -43.72006802246        -22.68404542325         20.43420301904
       -27.76521035819         25.60957728567        -39.38772946904        -14.81055499225
         4.88988830719         32.17455051386        -18.21968507762        -32.25871424715
       -41.85402294401         42.02509379389         45.59082283249         16.90475338347
        37.72280041920        -19.10302899615         47.09033788774          4.23108107086
       -45.22527019437        -19.02100673548         17.72505225093         13.82887296409
        -8.35833404966        -10.18456003307        -15.36770749351         10.36045543852
       -42.59172008503          1.38316225019         21.77798300093        -11.37951206783
       -31.16486033766        -15.01251705944          7.33489717720         16.51117119241
       -19.21131592764         -1.69491780131        -24.12886898014          1.94767718831
        16.93468184979         12.58057287560         46.66072487300         14.57409408630
        45.05161462803        -43.49585412825         25.05305475430        -14.59227306205
        42.84636425323        -25.39743357512        -30.13996597797         13.99393870908
        27.94326220029         -4.13135804363         15.71686138250         37.75128830879
       -44.46910287697         22.16269641000         -8.62217368368          5.32052643182
         0.35840030034         35.54867510254         44.56079475605        -13.03527807144
       -26.44402915593         -4.41919409915        -13.68886698736        -20.94177752769
       -19.86814895465         29.80145606739         48.34911633284        -42.24107871698
       -24.37385744071         13.51696041117          6.16713368713        -12.61553939658
       -18.61092078249         48.15539989446         33.70551105572        -47.30613358443
       -27.79135219076        -29.87725667984         -5.50104622562         34.26157871818
       -35.97608080092          1.31469181104        -42.93760037578         -0.91336614297
       -17.72318097213         45.61655925326         20.56245853775         23.05791780455
       -21.30686611683         24.93769981822        -32.34633051522         -6.02484620260
        13.47661190229        -44.59628944112        -29.79582307542        -10.38347992352
        15.91162064683        -11.78418950288        -26.84438389706         31.57177749733
        36.85317417218         47.41424648896         -7.92752245562         -9.70194668468
        -5.29730862962          1.85672281057         15.53102733550         48.78225220388
        43.13918906046         22.30523459762          3.11558259513         -3.01491060931
        46.98942796748        -22.19902071162        -44.11758090398        -26.33393342165
         1.87202131271        -27.56708413667          5.83516577276         38.17760725061
       -43.59319854920         20.60081914413        -45.90265028683         37.03031635130
       -48.42063099013         21.98253616939         -8.08975539614        -31.63370538736
        -1.27704930633         46.20960971384        -22.83044488601         -4.67325485150
       -11.61582676793         41.42170034482         48.09393224954         28.54599794315
       -34.32940989367         20.38104382934         27.35292644639         37.17922384350
        48.48049612024         -1.08929078562          7.32947257729        -27.61819796616
       -16.41453900220         -6.25761906340         16.90451131047          8.29533271937
       -29.85977880725        -17.43590971583         20.55175721455        -20.60676156310
        10.85975655180         46.63110751939         -9.39817523017         31.13491397025
         9.66846716079        -12.55938102991         40.44479797467         17.15144012767
         2.94339387545        -31.91288509109         27.06248502619         -0.15925677847
        -9.77170175729         45.79665743903         16.49259749260         39.90744548482
        22.31021048780         16.14249390406         46.04017561789        -24.52344411735
       -14.59305943994        -29.90635817587         29.71303794641         35.05847081815
       -33.79173159162         39.61759755294         11.27576628472          8.69369367953
       -39.06648177282         -5.46238485220         16.43024080675          8.49002279871
       -48.51326495119         17.77205432896         33.86774377284        -46.11615113212
       -10.44319471317        -48.02603353778        -18.75406336679         17.27252403173
        44.72724721982          9.49700941561        -16.63863078256         29.62175160774
        47.44826716886         41.05514340541        -33.68961663112         11.22628784755
       -20.86149169487         21.27930381730         -7.03288636763        -44.24355966620
       -28.19408705682        -33.63065064560         -2.36888099346         -6.22684768899
        21.22759879358        -45.99600166450        -11.93088869371         30.21000259561
        47.69592190781        -14.21295368264        -46.56065097400          9.26051809666
       -29.56110151072        -10.36023598715        -15.96871526539         29.32933136385
       -26.07825999400        -27.59810878583        -15.10363132317         43.51929730448
        43.60853274621        -47.00358182672         28.15675427278         26.45337060739
       -11.48900766640         45.63612160197         20.94674959075        -25.66542281008
         5.10878585252        -36.20626876965         33.99696866899        -29.93804762607
       -13.57097987456          8.76793571455         -7.72776303851         14.80598381715
        33.13114668791         37.25737821166        -39.73465327155         21.74609640317
         5.63900163678         -3.72471747848        -27.53753441345          5.55081930571
        -9.38607830554         28.74433233206         46.25686830565        -32.74436182808
        19.35435717322         20.94742316739        -34.37948460948         10.64857257922
        -6.54752280948         26.25327949561          8.38459899193         -3.45582423306
       -30.35449061017         37.96128919216         -7.65421925899        -32.27820271514
       -14.78923307360        -15.00310217187         44.86679245682         -7.39656825814
        16.06465104855          6.37215765807         24.88782807473         -0.83338622938
        34.53202798378          0.50016486914        -30.98922994642         35.06512447740
        45.56803656301        -31.61813511341         43.57278880017        -10.16363414761
       -42.72847186792         41.56137577100         43.74038949003         28.20174117025
        39.64943721469        -15.02927012569        -26.51249975076         40.34250863673
       -20.29886968702         34.56470817846         41.76584134327        -43.27531410677
       -27.56150593887        -47.05394312876        -19.94033628414         46.14815731635
        32.66367415112        -24.02659729177        -11.83641507963         10.45113930693
         1.92840141083         42.71445637952          6.21571674303         10.76833509651
        -8.54240389526         11.01255844206        -29.73336486142         24.95968013638
        47.32149543353         47.51180328561         34.46201800476         23.61295551296
        14.79720725617        -24.82559083968        -30.17136976879         36.01217971178
        33.93632121915        -21.16603424547        -15.35565673950        -40.50360507275
        41.44306793519         33.14914136111         16.24624073028        -34.24368619305
        23.14293043744        -49.56077764890         37.08673400131        -43.08928265769
        44.32986614435          4.96433616909         14.00910106879        -21.78939216048
       -27.24516608877        -23.24576098848         44.88864282069          7.75310113629
       -19.96483869225          3.18082788489        -24.61390603097         14.66228365167
        21.30816247159        -10.66799421298         40.52806115589         12.23910098546
        44.53950964895          8.21429086786         19.93118208902         30.53274123035
       -10.23346819104         16.96644189385         37.79586666219        -33.79530496432
       -45.53551601012         -8.58481213297        -41.99189146800         14.63481618241
       -37.01290247802          2.85783824739         17.74113107009         27.85903244403
        34.08319040687         49.52735570221        -24.14532348883        -47.69083475975
        -9.79004720830         45.37752486712        -39.48042912952        -48.28415238650
       -29.07839728441         40.43536165677        -35.38523357924         15.16818939776
        28.97916942693         36.92882202610         -5.48038637140        -41.44778821767
        39.81265933684        -40.17208362848         30.66584085205        -13.06175450337
        21.41136950902        -46.17806852890        -14.78837291263        -12.37811093408
        28.44827348609          8.37973681664         28.79021707253         26.45903328322
        24.59918627025         22.06722893541         32.93820071564          7.35376652077
        10.02872918970        -33.62615641758        -30.72760482159        -12.18883096293
       -39.88954241748        -16.53116831238        -37.85091064267        -18.19502659020
        45.89087988047         24.57402833149        -13.71092438569        -16.96093275519
       -16.31736832618         -9.13449232218        -26.04971131236         20.55813306479
        12.06603719579        -18.93374167442         31.85331001072        -15.54707304936
        34.67038012171        -14.23970934055        -18.59261729324         15.64349324970
        -2.97438914172        -25.72381348019        -31.11719059958        -10.37530935505
       -38.02494374462        -28.83039773419          7.10921499742         43.66324851684
        46.75746813645        -32.95270381840          8.13271325472        -49.22237508771
       -43.59234405480        -36.11056154221         44.80930047922        -49.32514426455
        36.71713505414         38.89947383361         41.75931335343         -4.73029039929
         5.55090105578         36.03241042364        -40.17368720243         10.90529194648
        -7.70088017432        -30.18631008187        -33.13811683744        -33.95327197313
        45.86358046438        -10.44803510988        -48.91146194018        -32.88312042678
        -4.19071926778         -1.88532255877         24.84048257395         20.04139969160
       -32.73329557168          4.43981887453         40.85777250750         29.91675946556
        -0.96228182320        -38.69029214777        -49.47925761590         47.27623631092
        -1.91673030971        -35.35534185915        -49.34394189674          8.44592977932
       -29.60354979841        -23.15290382182         43.95775050128        -27.46474061631
       -36.87160113404         33.03183622759         26.68119220186        -38.69361173264
       -24.28883349072          0.27586148626         -8.85003458147        -19.38622956256
       -10.16698258563        -10.78646649907        -29.64816650796        -44.76748745966
       -45.61762821749        -47.90645218092         -2.11517885726         22.93870847045
       -49.26994910711          4.92252605534         34.81448384264         33.01284624209
        19.91845200775         27.64809231158         26.88116663875        -40.28320847723
        35.64759603268        -30.72840025129        -20.62882814471         -3.38825721743
        11.35332380314         18.32485438768         28.25460718129        -32.33510812059
        -0.38929483886        -31.26595174213         23.63888910674         10.28509833522
        -8.49076240857         38.29583123387         -4.80403565712         36.92057029997
       -45.77445764258        -33.81609665489         13.68530054690          4.56055072707
       -48.10465556690         29.63228072588        -16.48125311501          7.33816305689
         1.65449151493         30.67308088142          7.75919822652        -37.01109772101
       -48.16500945628         35.30992378576         -1.88355991341         -1.63107035486
        47.08530060750        -15.89480347038         26.40465097739         42.21681137928
        36.88573923795         37.90240632075          3.88246995170        -28.90283470418
        37.19172236726          3.81150302181        -34.38314358015         21.61847616585
        12.94889716790         17.45644126587         21.41428247368         -7.77424274184
         7.24710195192        -45.24080589319        -45.99097476381         29.16189252103
         7.05566905998         32.95809158563         49.16368777474        -37.71709470235
       -34.86560540986         24.06400891971         47.29279041419        -34.62914778171
       -20.97930037808         35.63092214561         42.15961522081         35.95020236683
       -15.64622470856        -48.59282554980        -17.54132559803         12.28694932476
       -38.62940799150          8.34694108211          3.94735358113        -40.74994368912
       -42.04671569363        -43.61256146987        -47.47319703346        -34.97018023594
        -3.19284217717        -49.59871495286         19.70900878867         35.61516215490
         7.46664761913          0.06426523497        -42.67569390998        -19.42421440860
        44.64118336898         38.76303475383        -18.21625724717         11.48923937948
        25.13639608150          6.03907666917         14.25273947009          9.20690879036
       -35.99272364427        -22.90371227200         -6.78664400045         -3.30461775549
        12.11613598743         36.99000322019         -6.49636032754        -27.81620681766
        14.28925803812         16.08608039577        -27.95810782330        -12.96739452876
       -13.79184545563         18.92759725750         21.67830892381         -1.14951570030
        21.09100505427         24.70451606816        -41.84727937808         13.91056886285
        30.67680794195         34.34215432192         29.96143942659         24.03425297252
       -19.35685366161        -29.47032421683        -39.47416263282        -22.95087285496
         9.93296946091         -0.28039747135         38.91441606315        -31.88756805812
       -37.42638703441        -15.23636186646         12.45749949148        -49.10030400239
        22.08489567771         45.58580811443        -12.67463081717        -19.84131303038
        19.09224257329         40.33929722768         19.89506722020         19.85052158998
         0.38707327173          7.20657099595         18.76132749723        -16.22116682363
       -18.66586679667         31.86829796547         40.45878946333         46.63902970057
        -5.52004822111         13.62103083764         11.75515693668        -24.33413603022
        29.51609077954          1.25017804142         32.23952842638        -46.96287282155
        20.91451501353          4.50076904560         -8.78750222634        -34.81803694594
        32.01650190292         41.54713717852        -15.70650579508          5.16137509636
        46.23902499817        -34.27465459675         -3.64611695781         -4.62952685521
        40.41630077839        -39.23353026710        -45.45275407981         16.74941254030
        14.37470869149        -13.88412534307         32.55655931611        -15.31688243643
         5.50356629296         28.56724978318         21.86483038496         -7.04752013626
       -42.40770147927          9.66440059519         27.80851680924        -46.59812246028
       -20.54197968637          8.87680721672         48.60750079970         17.95711455711
        22.25705173439         -7.54879192812        -11.13073683240         27.63813775658
         6.35597841836         21.51313154865        -15.09967187632         -2.21146430400
       -29.01754716667         22.47085845161          7.16871509426         25.24488256438
       -28.71895043266        -42.58007543905         10.20912951855         47.17698869493
         4.13778034854          3.20179332196         -0.89085755164         27.36953087409
        12.17384247627         12.25438357893         12.81686044060         -3.70105478634
       -25.75453556435         14.43911458827         43.53070903215        -40.06037894974
       -37.18480857563         37.03216379937        -26.82228546108        -46.06302055272
        -9.95284790377        -47.23861792160         31.62399766290        -16.32250847079
       -11.64329173685          6.85262483008         26.06117901267         15.15320389618
       -16.64830792071         46.78360886931        -41.27854615937          1.56743839191
        23.80924600812        -25.97327338148         38.66371111576        -43.04895086522
        -5.95282334188         15.32000292880        -46.72601218361        -45.77505498660
        -8.69149841856         -5.89216732073        -37.73397304423         11.10875299708
        29.54888351490         14.35003846607         -4.09929724535        -33.19364588387
       -19.36468355444         26.17762854969         46.91188372882        -19.96567208081
       -20.87548086782         31.45938332982          2.17503497902         -7.84556535691
       -34.23730258514         11.10164395710         44.84728079498         -4.16515442575
         1.57387431158        -37.90084389295         20.34915165973         42.45733563531
        29.61044090155         31.42765301089        -48.64459017119        -12.67003217623
        -9.16703936972        -12.88656990647        -31.24372726013        -31.77387942870
        27.93061897158          3.27660184071          1.60152856446        -18.51491775332
       -41.77137387501          4.94250515937         23.34055269555         30.15862781417
         5.05614807388         43.10778783940         23.01531915341         -9.90351902964
        25.38172898373        -42.98034419879         28.83728093957         47.36955593390
       -15.88974561535         16.81856189717        -21.32059468783        -34.35704393346
         8.59775491957        -35.67900321809         34.71490467384         42.78655332565
        21.84935479712         34.01604700991        -31.44459549447        -34.49474015379
        39.81370175282         34.10956527039         23.65662110023          3.04897001285
       -10.49028031645          2.64086606612        -47.02391802987         -8.05160000463
        25.90437620376         29.54194377069         37.45983933881         46.79010594300
       -46.26806570189         19.79503302863        -48.94426972558         25.21030637508
        20.76632262609        -41.49139497334        -17.05212232165         48.73602155415
        -2.58220458901         48.69821111755         40.74451581248         14.06746762183
         7.21092539613        -37.35679053738         15.67472563107         40.96288416898
        38.30444776091         12.51108880431        -15.30770539810         49.80083152359
       -12.89229310821         19.50132456139         28.57643222455         45.48317598242
        -3.56065195982         26.31933610261         -1.85306075489        -10.79077940432
         3.34149711861        -49.53763489031        -35.57535606178        -49.88165739299
       -27.20704624257         12.57615535717          1.89065557419         -8.86575089251
       -15.50128950834         19.10302949064         30.54108230144        -47.90006944832
        -6.07959861784        -11.39914052162         25.89234117881         35.29626981628
       -24.24255559331         22.41720634813         16.70803574091        -42.70571201338
       -45.89079142976         33.54471732063         21.35831136602        -48.45982227121
       -47.02506883890         21.98309319786         31.65224726817         -8.38156811556
        29.08076111585         43.48284285766        -22.14631159664        -44.52678267573
       -23.35874201805        -40.70047952461         20.68039670166        -39.24178184896
        13.60903434522         42.75553412739         41.21000401991         13.89324059851
       -11.22584800230        -32.54416799065        -25.93797272323          6.63678935556
       -29.94420171446        -13.97362721886         18.04943812947        -28.90326594173
        34.83367206624         35.50565182860         35.42514354273         18.53125387677
        48.93605331485          0.85331491801         38.57387756212         36.46790089321
       -19.68586346176         -8.75983301340        -24.95063641391          6.89493921216
       -38.82966793364          0.69145212628        -10.03785839454         30.71684091933
        45.69020046354         48.36698039181        -27.22718589986        -30.64255934672
         3.03208451703         32.71857153173         13.06088631366         43.68702732650
       -49.88887977853         -7.27824163481         -7.85732070989         25.25052964198
       -14.31064600310        -21.57000469603          9.40081700245         -0.19280324742
       -23.50584215708         -0.67841050999         12.53381503650        -45.64606255701
        35.12764596056         40.19276712027        -21.38968991540        -22.98814153665
       -20.64590286168         -1.75531101887         33.74524209340         30.51553936015
        -3.20353105039        -46.66553285751        -45.65276120889        -23.50778192208
        -4.74409637877         -8.75971142052         34.94968088530         -0.97252190102
        25.86647443963         46.52434199864        -33.98145337034         40.93250662056
       -41.09495001719        -47.78947622457        -34.71943184163        -30.14326336717
       -32.20258845143          9.64953131184         -9.31963210945         37.57772991042
        -1.96466741998         -7.36891220567         -4.34134499226          6.82593743398
       -17.57646704337         26.23575631779         19.90545115915         22.28978105418
        39.35303984127         25.87802371596          1.57867795330         -7.49737472663
        -8.73730973101         48.62766188173        -46.74675521528          6.22322936666
        42.03540700803         26.67699719039         48.96755279956        -38.86496333982
        -7.75645664150         11.07032930259        -31.66164862711        -26.82758106408
        -5.96231709078        -47.92021435647         48.87757651778        -48.57621940447
       -45.87041896104        -43.34011094467        -42.92120017563         17.15292422080
        10.54272779983        -27.87729684063        -30.31895051187         28.30889562006
        25.17096086565         -5.17588347516        -32.70088097753        -17.18545551164
       -45.94014453473         40.14933059945         17.65455509196        -13.85555145962
        33.31804351452        -26.42168031476        -47.90729998965        -40.13120177042
        36.91092307162         11.43306334073         39.94129286096         48.46704720065
        33.05917010018          3.70033492199         43.84181688623         11.94530875771
        24.75223842239          1.56911828576         44.05232866998         48.85724449018
       -45.77818603071         -4.92302046352        -27.38828225476         27.21230478666
       -13.80463471784         48.26044772071         45.86385669912        -18.24071477820
        -1.24116080696        -12.70773171616         20.11693919697        -21.57666240144
        31.25492800851         20.50716458345        -27.23916996450         45.85426589601
       -11.81246329688        -31.61133688299        -18.13596962298         -0.25606532747
        21.74672832272        -40.78716559920        -46.13890566819         25.21933884644
       -19.93658399103         15.92706420715          1.14564617374        -23.41299551456
       -19.08491776565         29.43807079819        -10.11604856189        -19.97304721424
        43.49621650295         -2.85683314155        -44.17217218796          6.02062229610
       -21.76614038601        -20.97476528924        -38.32828682810        -18.14079148264
       -26.14000767038         44.94301626513         30.09480284436         28.79504810240
       -37.93215783164        -28.18031881378         34.71979756530        -34.08007792664
        14.62588272918         12.32595829721        -47.35717300403        -37.24450992935
        40.88454309751         -3.40725782521        -40.89521826379         29.19967473863
        -8.37588999542         -7.01937226237         -4.00551411993        -10.33490949735
       -31.58513200427         30.71320544749        -17.14164787947         46.81314542674
        14.43872645083         42.07017647823          5.04426155819        -34.35860860045
        -0.39554080070          8.61665383961        -18.17077574978        -30.01771486008
       -35.24098377079        -49.89673232808        -30.32466413832         38.92379759658
        35.71115326984        -13.60361644823         36.62717404645         24.65638415046
        13.08276110747         48.02478369006         27.25995367584          8.39570951044
        43.92747095690         40.59598753746         -8.10480790470         -8.90312180054
       -25.00543299086        -43.44717567825        -15.18720100589        -18.45548925713
        35.34950545262        -25.31524075820         -7.99701660604        -18.35434515034
       -32.32012902088        -11.78993327277         16.75817896311          1.96653215027
        -2.73386089376         16.86000402944        -29.09179273467         45.26104825555
        41.47091648705          9.35480666946        -30.04594346479        -11.68539539349
        33.49634625481        -10.89108791089         12.33498365995         48.40276168792
       -22.15813025808         22.69609531433         42.81089025081         17.02149677301
        43.12563583681         34.65783829462        -30.31249809378        -15.96978371297
        43.03709945432         15.96792141686         15.97612879988        -37.22480333707
         7.17125642450         -4.02143921598        -14.27038812335        -13.25795287527
        -7.21651443703          8.40287347531         38.34134094735          8.56598931119
       -21.05111665741        -33.91205815296         24.58249205718          9.22106319591
        29.83610094537        -47.71813116829          5.66601722052         41.07399186858
       -23.97201243542         43.58468815817         10.56232401011         38.70430354497
        34.67622019258         -0.23179462443        -35.75247310485        -14.62717880680
         5.13258411583         35.50842377491         -7.14312326370         33.14028705214
       -20.29790911260          0.34180747949         47.83456330591         47.09273963152
       -13.89854684575        -31.64746819579         -1.47801397255        -23.24353804903
        23.06868737489        -28.69895390167        -32.58955358065         40.78379283936
        10.91811819044        -27.57259661310         28.01940584077         23.76260633480
        38.30657243569         44.22240222289        -16.32403985343         -5.67993737908
        17.30369117954         11.50224742504         -5.12280280840        -11.14683488000
       -42.30873131690        -10.07650323998         10.30881010566         46.02371635020
        43.68603333427         18.90594283371        -49.32474890760        -38.78426833280
       -37.04416100321         49.93515297859         17.82969415190        -44.12587801427
       -32.54332494215         28.09593490211        -10.46001731126         13.57690303806
        -8.23034986763         12.99805473979         35.82349061284          0.89372434884
        -3.54787026438        -20.50147803668        -43.27894319534        -27.03830743557
        27.11871173248         -7.63427953356         44.40185901543        -19.50890508481
       -35.70320505370        -11.55076968300         39.94768586505          8.37310766009
       -43.35889887212        -49.66980575535        -46.96588861115        -29.22565318207
        -1.34125560578        -35.29005589810         26.09351609209         40.47474262633
       -17.56901958216         13.64400916796         23.09149355579        -26.71607626599
       -40.64005850265         47.40705443855         20.68827874377        -28.19092465820
       -43.67229321566        -46.19872001744         31.51908995534        -17.98919002100
        28.31663716040         32.56422022290          9.69098970905        -33.19491504594
       -21.48475265299         -1.67624761824         26.33225672730        -12.04911781858
       -24.66271549655        -40.53527487630         -3.20535594175         -0.18253511755
       -24.66159895924        -37.37742037131        -38.98494400192         11.67954830585
        -1.74105300010          9.91355258766         -6.75755882329        -32.88983568241
        49.41351458548        -29.17866888630         17.87256467584        -11.31945803072
        -1.50505960729        -33.14447850210        -35.45710064157        -17.58289398005
        -1.07742860808        -33.17214505620          9.36291821097        -20.73579677465
         6.34865873250        -40.36827432758        -39.97866993912         16.12605239707
       -44.02637420501        -39.29035916660        -14.75670026680        -44.16607121942
        14.71462365994        -39.47620948291         37.31414228362         30.04366788420
        49.01330315134         14.77094357223         -9.83099185835         10.33078993258
       -26.32346016961          2.86923009792         35.99465455103        -22.04754376741
        -1.58171375069        -47.19826185745         43.60066217629        -40.00056309308
        32.15675592443        -27.61773652728         10.00884552360         41.12566505961
        34.92591358689        -23.56902000846        -34.84873557934        -16.99356696205
        14.55722675496          0.48395114280         11.33049015348        -10.88006678671
       -22.33995334682        -40.24761349363         45.78850315010        -17.92849645324
       -40.08013741576        -29.82116239191        -26.09167315246        -20.21170324713
        -8.74196398015         30.62283907694        -31.77373725509         22.79084043749
        -7.99353052836         31.04440320972          6.02063183647        -47.11399776882
        42.71021615783         42.49947515929         44.27227776544         40.81566597228
       -17.79796569781         -4.73750329636         -0.29350763142        -14.89967157932
       -18.44523657843         16.77337263443        -12.42519271508        -18.76638255650
        15.05670191463         34.14325818894        -18.35609733746         22.63756627267
       -34.88670696592         23.59229826690         48.74078507266         29.00123131897
       -20.09601993106        -34.77731136776          8.63235371581        -36.83127614760
         0.81704622765        -31.40991554033          1.61295314364        -38.24854358346
        -5.18242446792          2.30357594817         -4.92611635457         -7.33356757345
       -20.58837620906        -15.83123872576         -2.91588638453         22.19374950414
       -48.53055688477         28.48607064748        -36.88937077126         47.14382688160
       -48.04272175611         37.29686672009        -34.01021522702        -26.36174923921
        28.33288481814         11.83951366000         -7.59553069373        -28.07812446356
        44.12754766731         -1.02599169975         -8.72120913010         30.19515549197
       -17.93029537901        -32.70698551278        -20.90433984676        -37.98002437661
        32.14205550258        -38.87309379927        -41.98503526849        -28.58495259755
        11.67895309109         29.03771490445         12.47633382901        -46.43164613458
       -31.77999167025         41.44138659738         -3.13788914640        -27.84373986049
       -47.74764659621        -28.87962542053         -5.35256992021        -16.86591927744
         7.34008958793        -22.10403713727          9.61937789405         34.63744310397
       -13.79119499258        -48.20816108097          2.47974722991        -44.38892055627
        49.06715414058        -12.33042569934         -9.36036816996         -9.42892707311
        48.45863747048         -2.81218352039        -45.97117297939         36.88159845508
        24.81085455487         17.11511885588         20.86458554183        -27.47116279925
        26.23355129774        -29.41302499682        -39.27638533100         28.13233471858
        33.85784901261        -34.40877137521        -38.37184032724         47.62700692502
        16.30821651183         17.47359490306         20.88056497696         16.47494160940
        45.61624288891         -5.28158680056         12.22161372450         39.93286300978
       -13.49450173691        -22.10765734000        -44.03368422333          2.44578423817
       -14.21451877491        -37.16346412963         28.28978241443         16.51727735076
       -42.08318111885         40.58002701353         32.91229812035        -14.69881832605
       -28.52794642835        -24.87759882408        -36.00841435776         30.74800497014
         0.30515375500         -8.15415394694         21.36281787820        -16.91599725868
        19.61059146445        -28.40204489352         -0.35374928105         -5.20385633210
        38.76187999705        -26.86894692990         15.37136980456         28.70903943659
        39.22891207873        -34.59510481258         -8.15687142592        -33.97047014131
        18.57919806666        -20.18478368951        -35.59776274580        -49.82641791623
       -39.41456029300         27.43349468996         18.31015732115        -39.31257894339
        11.19465766126        -28.09151799132        -14.21174740388         -5.35331433046
       -19.41488545285          8.94362674356        -28.92267216483        -45.43526653518
       -40.91259878955         -1.55426428165         38.02038217754         32.64506218727
       -33.15292174757        -17.04202426774        -16.95350113681        -45.08254882562
         8.93018119847        -30.66499618574         37.26621024860        -32.61002251465
       -33.78931701151         19.32484825996         21.71107264180        -12.40107267934
       -45.12684582212          9.46276102190         20.50214375304          4.31988083458
        34.75348617526        -23.62693910894         42.70069753881         22.44991577448
        -3.36449549456          7.60072637907        -16.65605921161        -32.35284330590
        35.39337757303         19.01831532934         48.33840127898         48.03916777358
        -4.54621031028          9.43031968234        -30.42273409182        -24.32921079351
        41.76063064084         35.04007115821        -33.64707557598        -25.60486856764
        46.66032251939         40.48948972703        -16.54694326588        -43.61799432164
        49.68231337760        -30.05107327573         43.46841827928         39.85893391451
        -5.32891434647         -4.74843481981        -20.81787224297         45.37388921769
        32.00901063078        -38.98453690572        -37.67919112703          5.34858837079
        39.44035400025        -42.07273945815         -6.20883483193         -9.21697640874
       -30.51222199520         40.04572298510          9.84306402687         19.30265317028
       -13.93354645390        -45.36192321511         -0.19787202352          5.57855368082
        29.80036540167        -35.07714266699        -37.49770130480        -11.18112123975
       -23.72791814196        -43.78065557185         45.07599632708         15.69690955285
        -7.22095805195        -28.83815588065        -15.04299400966         23.68188895013
       -34.48953498363        -40.21768248352          0.80802424845        -20.26429986960
         2.22390716812        -20.48681063243         23.11586364275        -45.00888735305
        21.66943590258          3.54056809082         45.25332445388         46.53949625114
        -8.34088639851         15.49341305605        -27.65063998991         -4.76136497214
        29.83623173608         33.04170447814        -43.63841505233         30.98073341284
         6.85356458024         11.96741940037         13.27532879939         43.19054964542
        18.94184850202         26.31421059953         41.99876656455         44.02938266996
       -24.70407247652        -43.84091634115        -34.10018068871        -32.02553251135
        -2.41060850373         44.79775278853         19.27296400442        -37.44969084282
        29.69849912463        -33.65489364381         21.92737268462          0.11878077477
       -10.13509562410          6.39887352145        -34.57525989559        -15.62245990793
        49.81533871275         40.30622675282        -18.24532625781         -2.59480442947
       -49.66928777992         -9.78131373906         -7.05811842948         36.29820139507
        -5.67302316207         13.21012053683         -9.42448336842         -8.44036725934
        16.86902735838        -38.77207209818         13.08868101244        -41.00064821502
        47.83408436923         14.18424891646         21.33425546662         46.68706969597
        30.49346544796         48.67938213151         26.91532925356        -35.98484796748
       -11.09728240417         -3.09317668078        -13.73050516101         40.07810489684
        17.99980306686         19.94195034585         -0.53750483782         21.67735456720
         5.94141991840         10.66137138180         41.84807871532         18.41541770265
        24.67567583941          4.44767248111          9.15635053987         11.84062242420
         1.64717235287        -22.96312968800        -35.90657419507         29.53845626768
        -6.43049587828         -0.06026741795        -21.20562672054        -36.77849629251
        14.73337948751         11.14894711592         42.76549930708         22.63024181409
       -40.46154951235        -25.04324049641         10.21133689360        -24.94366861520
       -13.91002928042        -17.92300862436         -6.93370913980        -10.28332889835
        -9.32211775182         14.94248645767         39.29232827992          7.60091516446
       -16.65519035975         38.87900430723          4.44179587211        -18.55484813781
       -23.58880824753        -14.54944880654         -8.22411092899         32.22163207980
       -23.67479384826         22.71183027240         -2.19362454896         36.24891511483
       -11.08894181315         18.24604233969        -38.81754395710        -15.95520212124
       -19.65240774375         -7.90258252061         17.09792369361         18.52921714804
       -27.48551858989        -38.33812836740        -23.94659691185         41.41079183950
         3.47362373551        -29.66719302681         43.49909836285        -32.20402460212
        45.93012514706         12.15624934037         17.45360196359         45.55686711489
        36.00478787383          3.16795772964         -5.38097326441        -17.81396444167
       -36.11798378615        -26.20232342961        -18.91725049228          5.03989981212
       -41.94437381163         42.84710102058        -43.39459371172         11.48785312716
       -27.32331481047         48.21626127440         24.38536807321         -6.44800775470
       -29.62061162232          9.27362790708         -9.17067295741        -21.22571158984
        30.69320065799         35.39352824392        -39.00319972666         13.07390996058
       -41.84075835493        -42.98421320529         20.53345880624         20.71218473583
       -11.13504497884         39.30489886539         -4.18207715786         44.36378777739
       -24.30942319203         -9.61685800089        -15.60285604969         10.86227476995
       -39.97998532018         38.42172761414        -21.21617860078         28.74745387945
        33.53981707167          0.25422375785         25.65821577532         17.73450581946
       -35.16130299359         38.82459938299        -28.33159947447         -1.75405260685
        45.59468152201         -2.03366248063          8.31374300247         43.95092557094
        45.11419489995         29.13765655991         49.25954384915         -4.14160725448
        -1.51684065986         -2.03017614409        -20.53244168338          3.53859695544
        41.02639695801        -12.92615674030        -31.25610705464         19.59656291498
       -49.39077794189         15.23598844575         26.00446216522         -6.13722513241
       -13.26081480378         43.71389093925         25.89515442847        -23.77614246860
       -10.57417949884         34.24410754169         -4.04884449600        -42.87263318322
       -21.74963045415        -42.47802610515         15.41970139984          7.17930615321
        -4.67425636651         48.14852497667         48.41237473279        -38.61297262541
       -41.14363507954        -13.61998241209         18.93022745288        -29.70601575986
        38.30576179270        -16.92154746945         23.35559556858        -38.66765256979
         6.56396162787         17.86492426779        -28.52026118727         33.89606130475
       -31.10869210026         14.41904558880         45.63688585736         23.11417801024
        11.19740336873         19.78071887546         30.66435448318         18.54903011181
       -48.67637168814        -15.19568830022        -49.65347486411        -11.97678044150
        45.73511301881          1.14737685367         -6.49323445886         29.85503333866
        -5.50933986485        -46.43081427392        -26.03960853390        -24.08763613147
         1.34138267293        -16.87668318088        -40.88975971444          6.33465737234
        24.95996929136         30.60813134660          8.16865852595        -37.60553623083
       -20.38300348030        -11.22078168723        -17.24548259917        -32.39807082245
        46.12626295946          6.37777515617        -15.68944477575         30.21975140750
       -27.31135066568        -36.02591107041         31.81886643339         31.02831590336
       -19.94586477270         23.48032432186          4.31763896189         45.53140315496
        22.64441933489         17.91915284129        -44.96024039250         17.48932267879
        28.45185017681         45.75691770704         45.74369476651         23.29923247119
        47.08990146862         35.54784130050        -25.80599208887         38.09065808847
        13.89484797885         22.22881407718         -3.33828629911        -34.77207552901
        26.88374825454        -16.80738239783         -0.54693748738         28.55130268172
        43.90560907136         14.36205065015        -14.14114604768        -30.40389477314
       -41.42467726259         -6.68379914152         28.03377596962         45.64721406193
        18.73169008873        -47.65997763984         -5.12482824854         47.12630063937
        35.74239126421         33.17742697530        -22.66329492293         32.85778473176
       -29.69464747776         19.39224691491         35.88942678971        -32.91291469638
        40.61414468433        -37.82697623195         29.97962004067        -37.50354628051
        32.63482405236        -35.52611253728        -36.72863873385         19.45260366851
        49.40393708879         14.00015652121          5.75864704023         10.58157719967
       -26.59453450022         21.52118561000        -46.36829318667        -40.67957221553
       -49.48839390258         -4.87905581921         35.68001483022         -2.32440444032
       -41.56953238036         11.95491285327         25.92470598214        -16.60897250348
       -19.02620175711        -47.72392681857         42.54724556904         12.76053145913
        -1.05807670147         32.33402754017        -25.75296784424          4.49723468994
       -18.08483988412         24.76778556354         22.91744233034        -41.59416389828
       -11.16351895474         14.95727429397        -31.01074315202        -25.56523580601
       -23.01161642738          9.94687499473         -2.45887284117         -3.17433166495
        18.75087682237        -19.01221095608        -45.02134924159         13.39958406594
         8.99754013876        -36.48992681156         21.37907695708         -6.75824726249
        17.25919017610        -18.36848006595         24.13552253984        -44.67734428795
       -28.82806684061         26.93669999866         14.82607150244          0.10175383869
        41.76311723930         22.16278033670         -6.82693188557        -34.11585750000
       -10.76180732506         -5.48857464469         43.56644308059         32.88647017432
        -2.14664240807        -19.67810970595        -48.03334856534         14.99883341595
        28.65438250335         -2.80183642334          0.74415208383         42.44665114778
        24.44332519267          9.86716012579        -31.91533666978         47.90892820500
       -34.94961303242         43.22809923441         18.96866427564          3.84626380467
        24.10245120265         14.84813444121         -2.31467244809         40.18073370113
        26.65607075061         21.29402843768         38.52729103797         16.22435429410
         8.15134761380        -31.42197729090        -42.20587017249        -33.70899233634
       -14.59154289612        -43.72040205936        -30.82206216097        -34.97445812982
        -5.79952240017        -27.04846263396         10.61494650256         -8.30117896596
       -38.70446481465          2.84379235399        -24.16081726119         -0.08271700115
       -15.79500264379          6.21531982348         40.63681868279         -7.14020772971
        11.08323107993         21.60503578916        -45.15607812459        -39.26625820569
       -43.64262551855         20.48985241092        -11.21225906326         13.77940704396
       -12.97290630597        -47.00269470589        -49.56401469848        -28.41103310030
       -38.05683781643         20.44648312413         12.23134530587         -0.30475889251
         7.99416220267         41.51627007520         -5.86516125798        -14.33802919902
       -26.81731123729         24.10572895190          9.34584066394         17.05300808357
       -18.16519651329         -2.29993539996         33.64031205099         45.23051357061
       -26.56839597449        -13.55939930866        -17.61549850639        -49.90656999814
       -33.51730295441         28.96768407088        -28.06587560182        -18.94901201793
        48.09629208314        -28.19956486170          3.52815340910        -38.45887332425
       -27.91016297668          6.35590862520         -9.58158140388         12.38936556078
       -19.41463796694         27.35836990779        -33.16237195245         31.51132045270
        48.68099199189          6.04550718958         17.43536658829         13.05213552994
       -28.76309916680         28.11616910845         14.66408968562          1.92814988570
       -45.73593621264        -46.52366001116        -44.38387356241         40.28234463269
        38.07876312802        -22.51055619210        -38.43985818374        -12.21853210858
       -46.66292166269          3.06685594441         35.86943777694        -49.00527007504
       -18.67575451204        -11.37880045250          0.40950329671         -9.19592922472
        23.45426332905         44.95512823070         26.82192092251          5.73512517549
        29.14078884764          8.21734200529         14.73290854221        -12.66755608437
        27.13586695431         32.53785440969         -6.77048729266        -37.45102213959
        49.50281454967         -5.79902359034        -17.78213931095         26.86659939548
        -6.79467965029        -25.31643221553         28.43145697321          4.51943519744
       -16.59779565287        -18.26804981827         -8.29454594948        -33.14614512063
         7.34096995510          9.23177085571         16.04397660185         34.91376981648
       -25.86845745167         19.67367519729         -3.17962961366         10.83132398724
        -8.66096199846         35.43567153466         22.19552307089        -29.25821403159
        17.80503762078         30.49782230628        -20.68451087439        -10.80450521605
       -47.12663188286         16.87466877030         34.34123182023         34.64482523508
       -36.04851418367        -37.34574451041         23.04488162529         15.84567706491
        -8.82970039668        -37.26740987607        -33.19130802380        -23.00789516908
       -16.24996836653         -0.53004556575          7.99499057288          3.92689085940
        25.61301247676         30.40269356823         13.13188408902        -48.71738641707
         2.30205642259        -35.40890814146         27.36125376769        -42.81550776789
       -34.90756475223         -2.22708435903         -5.41004316685          3.52413860331
         7.97574639909        -43.95298399154         -8.14597869564         41.74008649808
       -13.04114531528         -9.57855454788          1.78787800443         31.03798332449
       -29.07559606473          0.73955343881         48.15299151057         34.81870126711
        15.46385520518         15.83766409137        -40.67585163415        -48.47953096393
        11.03813144372        -16.12040934212          3.30878846554        -17.40375239691
         7.16601922734        -36.42325695950        -49.57895193745         31.25480064287
        16.18327912180         10.46045822051         17.03188287772        -38.19740381098
        41.70987907242         -8.64612767308          3.89910509354         -0.01326768546
       -13.00460508177        -42.13997642738        -47.18575468326         39.24450961332
       -38.63784885458        -43.76422791100        -30.63748269666        -22.33219834913
       -17.45696791784        -31.32301475061         13.84083439617        -48.64154856470
       -32.05039138511         41.13106795519         34.26009950449         47.58263097172
        -9.86793944004         34.71600331429         12.14681996035         41.27901860513
       -13.42003984172        -21.41209280731        -40.50627227024         13.68719826582
       -17.67902205515        -42.53887618810        -16.94229555719        -25.82946717959
        33.50264134598        -46.36948905407         -1.57442450930         36.06287681531
        45.20865688606         25.36903452770         33.84037422306         43.36932671238
        47.42720908291        -33.82225677570          7.24125671323        -41.47849880863
       -21.41598087654         16.64508286695        -16.44943276604        -19.32210424230
       -31.61882026957        -48.12012981174         42.50190291304        -11.87691112834
        41.14756558244         43.06679369370        -21.10151054920         26.38167870752
        47.16249563981        -32.51968171650         -3.96697429773        -45.86563476570
       -43.07924197776        -30.79258775652          2.45387741566        -31.63692846283
        13.16800295121          5.46905454246        -23.13162719744         19.49883216627
       -44.07522890388         32.65333936714         13.81596901257          8.17394029917
       -27.41230684209        -44.93057207281        -36.59770589204        -17.08641468600
        10.96356692814        -37.39573010692         39.47256404398         42.49066645769
        24.99497939973        -49.33407781061        -31.33724587021         48.37733592321
       -39.24737406783         -0.16626719744          0.37754990113         14.47155114791
        14.51628788602         22.33994875039        -42.71955556545        -12.93370213986
       -28.74476058529          2.18149353604         19.61333407731         -8.65580195617
        -7.39903337029        -19.29058574313        -43.19748986424        -40.17121897270
       -34.79829336556         -5.44565676412         13.32436778725         42.71666692520
        -5.15551554471         10.43191791852         25.06054873513         19.79611832486
       -13.42782551966        -32.57968306332         35.64311821129          3.80333189389
        13.83597012324         42.03254686067        -48.65084369461        -11.35362132741
        29.98439554443        -47.93587422080          3.59117376862         41.66842975134
        -8.79133992678         -7.23216841428         21.67841432865         41.13568802974
       -44.80339370554         22.19212833546         30.29166524997        -39.81199532764
       -12.66763589866        -26.11108952992          7.73717322802        -18.52420520443
        18.30557604853        -44.62949116977          5.92418342360        -11.41756765115
        14.17765869873         -2.79427098489         45.76949794291         -2.71501616791
        27.87248350634        -39.94347174231         33.80502521492          7.16983850320
        47.53195012467         46.81783987763        -33.99572220627         24.64261019131
        21.75719613040         18.81907547751        -13.99775607607         48.02146147116
        35.94067752604         15.62000065638         42.17697891144        -40.25445046090
       -22.17403784905         -3.22895057653         34.33950135381         42.71814833539
        22.80378395759        -29.09705763249         23.35762215363         27.16906872630
       -45.91415803961        -38.11491813377        -29.76034136656        -41.74930148027
         8.23709814558         21.38143548687         28.18636980098          9.49118717672
       -36.87662548835        -20.61574832857         -7.98185665397         49.25502236830
        35.85798879588        -14.86841374493        -26.40127142026        -12.51534162559
       -15.63396661607        -33.02793800525        -36.78530271263        -13.79177338303
        19.02948838965         27.09568828852        -17.22953526205        -16.46981541091
        48.33191794074         15.65200983113         34.17561846811         -0.08206913999
        45.13700610190        -26.79587380732        -33.52707975713        -38.33448974225
        24.78602713038         13.10756168910         14.83225565092         -6.24215044890
        33.52449889408         39.14642207572        -38.19945648532          5.45355423038
        25.38038187262         35.21225886671        -23.64127048769         26.18840090798
        43.07052843941        -33.30221976860         42.66178029467        -46.25210073426
        48.92509171930         15.60223260135        -26.44724409117         13.20647431026
        28.67751826543        -10.07819599925         10.58045526201        -16.83224781408
       -20.35510049319        -12.47130985447        -46.11692752058         13.96680250516
        19.52233210223         48.64691763172          7.55221276274        -32.61522163001
        30.66459374708         20.41448543841         38.17039234053        -41.88560356494
        -9.08742051913         25.61164267131         32.61153193954         36.25319446085
        21.01682266536        -18.25854647747         -0.68262188051        -42.23407962709
       -36.12325559172          6.28467772338        -39.68613160930         46.57054841313
        10.14033327921         12.38837252151        -14.28787659554          1.83260307202
       -12.66589458120        -40.91920851978         37.55631175980          5.51214197979
       -46.42179881450         19.14246609474        -10.27864985259          0.70897776698
        14.86279778397        -16.76902022188         47.18835734963          0.43100636298
       -13.52669840050        -31.71559916321         -1.31552497540        -22.52417124961
       -45.22185881669         12.05556949111        -23.17560101389        -27.34370253866
        29.36988359432         -2.16467254853         44.10547581027          0.55864933559
       -45.18457783811         20.43762133040        -12.78663734670        -16.78105305402
       -26.95590636129        -24.30749600111         17.48506852315         25.30467453652
       -47.37881564940         44.93653229582         -6.34833351038        -48.06216646717
       -17.47599575967        -42.73465488730          6.26394064784        -43.42057965375
       -47.42346516156         48.36460056142        -48.63235304562         18.30339152141
       -11.93586975167         25.39322600652        -24.60857054422         44.72953235009
       -35.19438694884          8.59353873950        -39.70790609379        -30.93664247242
       -26.44188375069         14.32384115960          8.14989971895        -34.87175100572
         7.31312638023        -29.37057197493        -20.52780147531        -41.29544815783
       -25.34758186481          8.01324529276         37.68975853617        -25.06917720324
         6.69793848888         24.26006235879          5.92540699041        -10.86220706270
         0.73168497686        -15.36284187082         39.99337961820         43.50281294135
        -6.63174241316         34.59965199540        -25.36353293611        -12.56631813271
       -18.08597592876         24.02106210936         35.62606104148         38.86914539623
        31.39645993099         40.17225877793         27.53411438398          0.03647949068
        17.41679395556          7.59575314861         40.23127039233         44.64648731977
       -26.42051259766         36.85852894602        -15.57763673554         -6.72473030102
        19.66717658202         42.30158346252        -36.42832320425        -16.54921305477
       -31.75887060041        -22.79680745500        -32.95587508591         36.50209483059
        -6.07618426538        -26.09188610746         15.65348607529         21.00186690525
        -9.75663813757        -47.27648241896        -34.80987921668        -10.06550400078
         5.46169862292         46.55214705631        -17.25927863820         16.40454576583
        -3.24122018199         -8.29273271264        -11.18392229181        -18.09588435730
        24.00621726422         24.49680739741        -11.72307096011         39.82416481814
        23.26697747280        -12.41722418512        -40.24491232999        -41.98376988689
        31.42753962644        -47.90843170461        -32.13747915223        -42.05226988259
       -44.91218987176        -38.39277915110         27.22461941189        -20.52177460909
       -38.13855322805        -30.27409233240         27.23666641053         -4.35288787046
       -23.53948673147         21.52190454700         37.12714989591         -3.35431464759
        41.84077459101        -15.01772978411         -7.26871593447          4.62868051787
       -13.34616378491         38.83794134578        -43.30438334833         23.46483281124
       -14.04883162118        -49.11633461408         -8.48567949133        -37.89508558847
         4.09773463906        -20.30089698522        -44.73144914138        -13.00088521333
        32.59170184978         46.44431873078        -36.38865078762         20.42303551933
         6.37686312028        -25.84338053745        -10.19213017331         -1.53235231430
       -31.17295366104        -24.21860574023         43.09472452556        -18.91887152203
       -37.16356487422         12.41147255660        -16.73504206152        -24.04169889375
       -45.20118656881         31.89531147296         43.17291728847        -47.55943686109
       -11.96366168384        -10.28782095138         35.74010704263         33.84123310408
       -24.14972444290         45.73432886471        -40.07300412424         28.92728917529
         4.41915438844        -33.16960544382          0.71662036867          4.40279527727
        -0.07343898319        -28.68941074916         -7.41464009807         48.95104752460
       -13.80929426451         30.00755281075        -23.87721403078        -34.25033153017
         1.58599361046         34.09677268182          3.97302248074          4.49259102781
        -4.01126646152         -9.56629678998         41.28139291233         24.23723430989
        39.93794168406         33.56529903084         38.78453678026         -1.98078406488
        16.70352168620         14.49836891309        -49.89456383548        -14.31711229436
       -26.72428990759         16.63581979857        -15.10417485805        -29.77190144048
       -27.78953289122        -28.83255521762        -13.55549912034          6.40334244951
        37.34257186329          8.68962035180         16.68696824185        -13.10280185445
        37.36432472649        -32.28453357733         41.56536294153          8.32921657449
        -6.83894268947        -19.93118066128        -29.73950289158         33.09817171831
        38.61558676813         13.87566596334         25.10294326038        -42.73564617990
        30.76333304607          8.42890902330         28.92790679500        -25.12638150776
       -35.99688146849        -46.78474415150         36.53452676455        -21.47035668821
       -29.75880686243        -14.76367732932         31.11773780088         13.73619926497
       -47.78386166757         24.43789582256         -0.24545519424         31.32120551400
        -0.24389677820         -1.87071662211         -6.34840829144        -26.54222624053
        23.46919972947        -41.05190298695         -0.90945618527         48.23235112425
        23.28433141078        -26.00808583725        -37.27068616794        -43.91830936680
        13.76929701057         31.41494962349         44.26081129519         30.98935526026
       -15.85293762530         -0.16243792241          2.05057783495        -20.88430487618
        -0.94301562904        -20.47330628227          1.04765064465          1.41720215930
        44.30921392141        -18.75219733698         31.91938006390         42.56722719986
        33.47651134085         36.69281304995        -23.44043666783         14.24996190840
       -43.45171187374         36.40077995660         40.34944716774          4.09803888280
        14.40976864314         32.92370004353         27.58488768398         23.01304598241
       -35.95688964069         24.14324991020         -5.22681651665         -8.89682046364
        28.61184285001         44.48762920897        -30.15164003755         -0.86631242899
         2.75858527594        -19.22062824479        -24.62270393573        -33.14737985960
       -31.05157562237         -6.92942069713        -31.17833307927        -32.48329223583
        27.05540133627         -7.81752377862         43.56526976103         35.75924114482
        18.41496431437         24.30754872229         -3.28460147355         10.10819827154
       -29.12714969207         -6.83694239423        -10.88186846297        -46.03476330271
       -37.75061352578          7.02943264555         43.84997885758         -6.16286046029
        34.47623369855         -0.25537849982         12.06956938397         36.12498493622
       -25.82169323057        -46.87059681334         47.94462899050        -39.17278785814
       -42.08596071039        -14.25918230466        -45.94532159346        -24.53972619094
       -13.88904666801        -39.23163941733         45.70737055568        -34.48314543309
        45.94951542669        -36.24252338710        -21.26205470827          5.27361545094
        45.64163116939        -25.01234236404        -34.25729562765         34.34076492919
       -45.04470022053         46.27338600664         29.90240014915        -24.71814949036
        43.29548028796         47.73737066206         32.41381484139         22.01191368398
        31.55056729269         -0.21258017341         -2.30804705512         -2.92389238911
       -48.61972115827        -12.96879046538        -47.76415289157          3.06012059125
        -9.07570104796         38.02133686411         17.42829670633         27.25269315398
       -20.02283012209          1.83996650052         29.28350245721         32.12500215623
       -32.63872523297         -1.31286939235        -47.78612239103         16.82226425279
        -5.23195903254         27.38187942833        -38.56494785315         10.04559886892
        19.36207575712          7.73353558117        -36.00318520845         -6.59873571796
        16.93894178781        -32.63617746468         -7.83340241000         46.56328053258
        -4.01451746432         31.58712085392        -49.88692947647        -15.30727892234
       -39.82215483304        -46.74060192729         43.47051924927          0.84336942881
        47.65960558696        -36.55662576307        -38.72533077043        -29.85246738586
        20.82093984598        -23.05137742741        -41.72910716012        -14.49228153366
        17.85864634585        -14.32999988059        -43.94330230362         32.39481717162
        30.20002075665         26.63417845442        -19.12084764262        -22.08529034378
       -21.79170108827        -49.38891283700          1.62066697938         29.87269191022
       -48.64222190860        -18.13882325449        -33.54976317494        -34.21167900463
       -20.59152296514        -14.79357830382         -0.58800154159        -17.45094743427
        19.99371643432         -3.04116043390         41.05198281196        -48.51727686424
         2.96030341227        -30.28724755343        -25.86726107017         33.76180770005
        23.30506899441         18.42996662870         34.36423203272        -35.70008879562
        -3.41117334941          6.39837424451         41.12022313696        -43.08154899989
       -14.45766727212         17.80503189469         38.99402973264        -42.08878709355
        27.51594910452         12.05391879314         -8.12309204934         -4.20120481926
        19.91585239351         -1.85393203436        -38.38044640755         10.36534746318
         4.12207954973        -10.00743726559         38.18977899230         31.02999820827
        33.16582739325        -24.88211427748         -7.27815210874         26.16145993811
       -37.59041736445         -1.61432397410         22.88267009748         36.81490038692
        10.09943751393         29.60505579934         -4.00686247605        -37.49362218443
        28.08603426124         23.12048526398        -13.44469888601         17.26280757113
        14.62269038217         37.31929633862        -36.16555419925          7.15833006824
        -6.25892601112         37.88621970521          8.24641543332        -29.82226031822
       -11.56363821614         31.09101338976         47.73066034079         44.06274795616
       -33.58948470195         33.78652892068        -41.43557140225         31.62267030110
       -42.85087334819          3.96528546077         36.09102724514         10.27213933935
        -7.00445177073        -28.35303434209         -9.47807656731         32.01268671547
        45.43828289384        -26.82203394670         -1.28338353777         31.55586307318
       -21.93805346839         37.95647014471        -13.52716332583        -15.33468871340
       -37.88278341394         31.17120364088         14.11232630548        -44.74032025115
        20.87820778405        -15.69472300434        -32.20139829866          0.51926011370
       -25.83299931673        -29.70152290265        -22.56144227405         25.35847072163
       -14.47653992177        -36.93172578808         -2.91733667685         39.30714670376
        28.16525677772        -21.44711461832         45.93199599037        -47.12214686494
       -16.96495488629         16.54227333856          9.04194255857         -6.50638908155
       -37.48632673306        -14.70756014687        -12.25681040722         11.56645481512
        31.26812039310          6.24569807445          3.05937911608         37.62473180413
        30.76383972493         17.95733648764          4.00594033135         21.41994276212
        -7.86885327409        -22.60365848052        -16.17014630235        -22.75171221301
       -14.25719697387         34.24391858505        -28.28001348464        -27.43461450131
       -13.84590372703         34.38687692071         19.30664603414         -4.64809676697
        12.65753904344        -10.72504151557        -11.41720857226         34.26072601559
       -40.79764060567         32.31335243721         29.04865355557         -5.82615146741
       -18.53585371694         21.46750091777         -4.58004113496        -42.93199506181
        33.64172651577        -15.38091545030         32.53861225886        -20.93400653997
        42.46169059077        -16.52017612022        -15.37023629134        -46.40050582542
        -2.08285591849         17.56478839922         25.85793639478         10.21626144565
        30.59698282129         28.13521670150         10.84027094853        -43.67904179811
        26.08649075269        -46.65603187461         11.42054087842         46.76519533643
        -9.81758632063         17.77381529499         34.44091231152         35.21169516605
        28.94461140361        -16.73444259694        -31.41442894113         38.84704820726
         8.85960830180        -23.66307646986         26.52391070055         -0.98559394592
        37.70665668543         28.35160596844         36.06666404590        -49.18106737318
       -38.84110997824         16.13821066994         38.47187085425         13.37064582131
       -36.07943268866         40.24570263782        -40.48659562545         14.52088257745
        34.13086918060         14.38154651526        -34.18760751142        -23.83295009474
       -31.26701386697        -12.36996026198        -19.57048000189         45.86368445557
       -24.75756649863         10.19582017276         33.23191935470         31.33723871748
       -31.65828277047         10.95523668092          9.55883226751        -37.12978444908
       -36.45646056879          5.22713125309          5.42383927955         49.93131406406
       -49.69389611162        -43.65574512578        -13.31684491829         22.96110655563
       -40.84667299789        -24.39826439589          2.55857370693          9.16590268148
        -5.71753944061          2.54116180976        -12.53227707727         32.73275864194
        36.62706400432        -41.84023466033         -8.63803278486        -49.66823418617
       -21.30834480985         20.10691781786         34.78618676603         12.40268873411
        49.25562488564        -15.25080393990        -46.27712932237         24.33703850117
       -34.10326543446        -40.83787432102         13.78880448339         12.16725035140
        38.96859550644          1.28310222582        -27.05168699595         26.75287110873
         9.52543142204         24.71301409531         44.95163103664        -14.76697800850
       -37.11003763303         24.22846145531         10.32751191266        -46.27360297238
        -4.78449028612          5.73276009608         38.11872940440          2.10397679717
        21.50592380413          3.03769321169        -19.94602916634         11.89966827485
       -18.80023014855        -45.22783934442          5.10603265342        -31.10506838841
        18.16750665822         11.89594844438        -11.97918141954          5.78094016027
       -14.47503868328         39.48535781981         24.07045091460          3.87418605525
       -24.68183021730         -0.11440260372        -41.66874839291         20.07827248343
       -29.06769750034         49.34760817155        -35.41340037405         18.13361043839
       -14.40525534434        -44.60660969839         33.37170792732        -32.81890843036
        36.76493196603        -10.57285228101        -28.70904652262         34.76025118936
       -21.78627440509         22.90831205240         35.29158825510         38.12032588093
        24.35790087935         11.79083664141         36.79140864789        -38.83013705650
        21.33126110800        -35.68673071157         33.11855474073         20.53641120633
        24.05779149887        -41.38888911890        -13.50616375680        -48.79465847271
       -44.98609697777          3.89600259207         15.93188773049         47.36079866644
        49.22905639960         32.02244759919        -46.70754031989        -31.13286701161
       -46.84004269629        -19.52875019060         44.66692857413         23.24333491176
        18.91328271140        -18.40139350412        -34.07399818543        -38.28782871217
       -36.41994316592        -30.43131998085        -31.20982496486        -45.44234018744
        28.50399939545        -31.51567588820         -3.76086715787        -14.33987420411
       -30.83884090970          1.73449800665         46.01126282307         42.75586993857
        -6.23622922932         48.42253496067          6.77684942514         18.92109125774
       -46.83245495159         23.14272092159         33.85910766868          8.84317889074
       -35.71223480024         47.07518299267         15.55930186939        -20.80187315183
       -19.95442459120        -36.09139524483        -17.37944249429        -24.39164273750
        31.31322638616         45.70367148096        -47.80855102316        -27.56145074641
         1.75771788975        -46.80536280053         20.83763756157         47.12590474184
        42.61096315650         42.95948064219         14.39218575392        -10.66787370414
         9.68769516630         35.98120942317        -19.67477881329          4.13817385198
        18.56381703141         42.83933709254        -31.39920641253         35.96451133243
        -7.68998934428         12.77598194437          3.93982597037        -12.52620598496
        19.01992627605         34.86506932311        -29.40354150547         27.25516564728
       -19.79779750873         24.98648566397          9.96414205778         -3.59315313860
       -17.10375341500        -28.08935388147         49.36227289147         37.08653388550
        37.77807557439         45.68479701828        -18.26942580791        -35.42486070368
       -28.51544378058        -38.79997565151         13.96489784218         44.98599160321
        39.51625286939        -25.19859436547         -6.28976017284         13.05878033102
       -44.00731433542          0.55023286692        -15.44062279315        -49.90127438931
        -0.16471579170          2.99174073034        -43.86848650676         26.66650694912
       -34.83950531501         30.83648692676        -14.56294372228        -20.78659703278
        31.68251323777        -32.26694041103        -39.80989580185         40.56668353741
       -38.88759031016         46.54627909643        -35.68173514735         -6.66998972137
       -47.82607413917         25.65211414520        -27.10226314002         33.87030561733
        25.50255130942        -30.34693389624        -32.37889461713        -33.09981039527
        18.91909887390        -16.61935982022          6.69512136814         -6.96903780357
        32.88193949940         11.66606144615        -32.16178461787        -37.00294942715
         7.09958197739         -6.39404642559         40.36454414133        -46.41496270608
        15.78909730606         -7.66673689861          5.61135908056        -32.99963906268
        19.34566163151          5.47108494634        -31.27741574493          7.76877738417
         3.90554233802         28.39486124632         39.94592794836         -0.40367411021
       -38.48824146813         32.41564503969        -40.34636048069          7.86460805903
         6.50095519669          3.58594323365        -49.00224850195         -9.08811995941
       -17.37323327559        -25.04920638929        -10.60033573319         46.89939134391
        19.02827329635         -5.64817382446        -18.73748111751        -14.14771367537
        16.84689102537        -12.37152908118         33.25313889700        -43.56054039031
        37.46482577565         24.57936162201        -46.97559005343         -9.64608830924
       -14.74379244583        -30.59295412492        -43.73005084764        -16.86184367785
        16.97448387087         47.69409663163        -20.04745070011        -36.77208131723
        -2.56682778821         47.77542033123         -2.39866022206        -30.47655655300
        -8.94759051050         29.14498541669        -23.93338223057         43.95468941718
        24.36233084651        -49.39958036095         10.39957932779         34.11637983762
       -38.77687371956          6.73961754480        -17.38352170922         17.14578348857
        22.56264277974         48.92291009364         11.35489138020         21.68566245927
        11.18706394041         37.44305925957         38.18149700847         -7.50968970714
        38.90568019931        -16.29826215876         -4.24587780354        -44.28722444876
        -8.81894405069        -22.50776064035        -40.56604696811        -13.50639400798
       -23.15126148116         -4.80184014199         32.94686494456         -8.55031715249
       -17.27869664878        -21.21601061442         12.12049669366         42.87518160928
       -46.82987606497        -48.66922686178        -28.79760647907         33.65355303384
       -26.15920665138        -28.53050658922         -8.04409628178        -38.42872484502
        32.13157139438         23.04092235016        -49.26381420573          9.28472299800
        22.52684417706        -48.93400105858        -19.58802316641        -16.43262701578
        45.48586012972         11.90986086909        -44.34824549813         44.39800968735
        48.01872538639         -6.38649996967        -19.12487746234         37.75327015212
         9.55594638468        -16.58405975215          0.29193130726         31.49323862989
       -40.81303423655         33.48659539959        -31.21580986874         10.69807983160
        40.18312202908         -7.39168107491         23.00821144588        -44.75046919125
       -38.77000263994        -46.45708921768         29.92407150183        -30.28813300414
       -41.12121601633         48.16053998155         37.65874288898         40.14724193130
        29.49391615102        -14.68909684739          7.65922906649        -32.07623121525
       -37.74315428600         20.26353645447         22.10841216422        -17.12351661066
       -27.34966571956         47.17280509499         46.59163315027        -27.74697511839
        21.34732069509        -11.82068348726         15.71532325279         21.68241750773
        -5.40486444422         43.21878160177         -7.87239566109        -15.47139880079
       -34.55586626474         31.10517353664         20.19786175878         41.10473271635
        31.41741827322        -49.39757283554         -4.74622853302        -18.73660120248
         4.86874583494        -42.33715102198         21.03290197651         -6.68359994618
       -16.85356937736          0.83520588450          2.22761525506          5.63845774311
         5.96875857963        -27.36713397093         11.99774024976         16.27258744773
        -4.10829515825         11.05458862655         39.49005692055         49.83140809497
       -20.32352179837         -7.76839982909         -6.34886565433        -25.56079397612
        -3.01333461364         33.09452125568        -39.75876457277          2.05843813499
         5.48374824223         22.59624074911         37.44287385782        -30.64111208755
        27.36543610783         28.42561727660        -21.14557965815        -32.18517276501
        -7.24253108225        -33.20021215310        -19.43248751090         18.48240689691
       -13.35277259020         20.34733707573         12.34659757437         29.12135773137
        37.02888427504        -29.22181062426        -45.20343302582        -26.65057601385
        27.80468608167         46.04415098690         -7.75659760625         34.21568274324
         5.62286909787         -5.40293819218         36.32174614511        -28.39938808330
       -48.62266875472         31.05929168855        -20.99370825885        -48.86975077232
        15.35849496935         -8.29582751505        -17.94239146229        -26.37325929959
       -38.70484629447        -16.55370212758        -13.34245552576         15.67878858004
        23.31418248792         49.87215023017         19.88036453813         21.64994568236
       -25.44373075240        -23.13311059691        -40.56808278485          1.84701593759
        21.29507899900        -15.28264309399         12.74298141860        -36.17239986900
        46.25513865993        -33.60963877387         43.53648084024         38.05572431922
        12.71476291545        -23.55184519423         -7.76189084932         37.51248649228
        18.28680055493        -10.58100069654         -0.17730954746         12.64212114131
       -42.14583533095         21.52279160672          8.27585212286        -20.45199463933
       -44.32895398374         47.99851027399         -5.51616528025         33.93782104032
        11.02398439617         20.06300330198        -20.47304628989        -35.76804376462
        16.47162843167         13.14875819880         47.41290689937         49.80532282214
       -20.11287036232         10.65531353247         12.91439005746         42.41564952559
        -2.37740144018        -30.63456893303         -7.81121984312        -37.21345054620
        21.80464889887          3.04093613179        -46.94289945323         18.72108427247
       -18.29584633563          5.46501218055        -41.61544594031         43.85219005669
       -26.07644335506         10.28411112040        -14.16895145211         22.27232535294
       -34.28928505849         18.52134491942        -20.00252149812         10.31280505829
        -4.55475531285        -23.60444245746        -47.24055758570        -18.65514201107
        46.32663294611        -33.72466940721        -27.53598169987         31.28745017481
        39.76127811390        -44.48484141392          2.71121753680         21.85408006881
        30.24019815695        -10.97774518018          1.51357375476         -7.03422920604
        39.50216503046        -19.58632819683         17.57970166101        -27.04215028076
        16.21772348708        -43.50796884354        -36.91630556633        -23.46512668153
        42.36141545074         42.63925740213        -21.40402518145        -17.05990128135
       -22.78100950962        -11.75529319429        -32.97639284894         -9.52677954709
         4.63959209358        -13.54418377476         35.26375590091         15.39010674289
        43.74234811605         -5.28852058540        -24.97243257048         43.85627248927
        46.44806040854         43.31100569353         31.73949565931        -16.65608927629
       -21.40099394049        -45.38127262692        -23.55924217382          9.49598392369
        11.35689739309         13.33803402253        -18.20751982715         13.35153926128
       -46.40646272494         -5.76651549978        -48.29844582057         23.43802497913
        47.42938881890        -22.57529686241         38.94570938084         15.25010978664
         5.28059664432        -36.28422501801         -2.54120787419        -23.03513437430
       -44.19668227763         22.45407437051          6.22265264844         12.77486857945
        -5.72013955251         -3.56436774370         41.11396271132        -26.68311871535
       -38.24524730572          1.97878499710         16.23373597850        -35.41048036450
       -38.90433288876          3.71418604299         16.85518536536        -44.98431430893
        38.20896543768        -35.83369230000         33.00646066055        -33.03409523125
         6.28224043956         19.24869723104         -8.61810527930        -15.28798328758
        33.45162743678        -20.04684790716         -6.18193771484        -12.25844677535
        43.49108062776         30.53273092376         40.96865079018        -33.61618818559
       -17.50402817178        -30.21372651871        -23.57530166591         -4.98647716508
        18.58272294692        -29.25149014050         35.78449721985         12.53440654878
        28.15538442459        -14.68244718496        -13.51003034471         35.63709352264
       -21.90280765675        -43.54940187626         -3.88307598226         39.85561776579
         9.72563869371          3.91632641859         17.92016082155         35.29490658052
        -6.45591296278        -10.39222248518         43.79492338575         34.35844923930
       -19.23645021798         -7.23442244434         21.19749750485        -17.26370753896
        -4.53367752898         -6.24451645935         36.17178027287          6.26768031899
        10.90353939558          3.72131986520         24.01930185885          2.44593604853
         5.75993110357        -22.70596297350        -19.50024327215         -5.48373595418
       -27.17795229567        -34.47155315417        -15.58124478674        -16.11312569313
         1.88225712187        -33.99419131970         19.91769602030          0.33546131256
       -30.02980656661         -1.51877681272        -38.06406358665         18.82574140287
        24.42506051947          2.12807085167        -17.07771246711         -9.01182371040
         5.01371149782         40.37474950060          3.45771219905        -21.59462334266
        26.45464101686         49.44677872809          9.41057817344         22.59345817401
        38.03563599400          2.69784885427        -38.75906829346         27.90553429344
        42.53903135503        -10.00329134442        -32.93940764345         -1.94633002281
        40.25626519143         26.23283016527         27.24589147372         30.01526619987
        -6.80029426585         37.44025110131         -0.54172346993        -28.65812108506
        -9.43781739856         24.40975983405        -14.87798684235         32.70900729693
        40.43298555836        -16.93197331372         -8.87713242705         36.55649421856
       -32.05030328363         -8.48868144778         35.49094592658         39.97669810221
       -46.01062342008        -12.58606528097        -23.45258903277        -22.61988765346
         1.62747940613         46.45559592021         38.56320739031         26.15309999143
       -29.80639512856        -29.43474263796        -49.25028357984         37.54985057572
       -29.98382936326         24.75959318848        -35.72926181558         -7.44520731719
       -16.42500414834         13.74118198959         -2.17040038335        -33.42890072527
       -24.24004381064        -45.96540937070        -28.90393943548         -4.09826496166
       -13.43404563296        -33.82150838749        -38.82251979220         42.66619640615
       -15.15258371394         18.00765155893         26.69488505721         48.54003849899
       -15.86206904475        -33.43622223448         27.13025113919         31.58514759323
        10.92188530656          1.23574024578         31.00734306525         12.62301912902
        38.49490126409        -11.55820458238        -49.18109580830         -5.98956851175
        40.08659600099        -31.25970173279        -34.61120481912        -27.72010050631
       -34.01042236974        -37.87043481107        -17.03422781954        -39.83732574656
         9.06618530896        -34.17069543329         45.97128420202         33.18186155243
         7.51239198990         43.85474516380        -12.47255650440         19.85399356354
        16.87488575292        -11.00986746257         15.01078132423        -39.41861085233
        34.84577415719        -41.78163595120         34.30175420090         18.73159513114
       -24.14751804282         17.48955281358        -25.75066394320         48.62959761674
        31.56758141539        -27.79196762761        -30.52633140889        -23.91637462158
        17.59493171144         37.54167802299         48.48070532299        -36.67603829079
       -44.20604495162        -25.42622583953        -10.06434858683          7.85922549723
       -13.27698435859         22.67915994475          8.43614632634         45.30097965146
        39.11228212472         39.77110333796        -18.29938164514        -28.51353049952
        -5.59385991433        -43.87899259111         -9.08791750177         -5.66900190655
         4.02933461198         24.50742534822          8.07267791109         17.41208051574
        41.68288642271         -5.46726858913        -33.97660851467        -49.33957185964
        35.73279909246         47.19434287412         23.71012813384        -21.73813705895
       -43.94204181176        -19.69800216163         15.07272790238        -28.74942627555
        -1.75392381589          5.88229431528         34.37332022121         21.90822672825
       -48.69428232179         34.10680587706          6.00113723675          4.33475295301
        29.17504942721         -7.79009027703          4.00762072522         12.53571868293
       -31.16603357255        -23.91110537801        -15.92616107954         31.98609933829
        27.24652669493         17.25094307559         23.42498701639         38.34678599161
        -2.42753681373         33.49976830252        -30.21416895197         30.57508878521
         1.60784567717          7.22325037433        -38.62474271726         39.63202382500
         0.38313027608        -49.10782372517        -28.05126159614        -13.74338676725
       -28.12784645214          6.81030568838         13.22269437606        -24.75445817419
       -13.90107296589         -6.10475189945         18.15685895283         11.26588607809
       -30.02198773032         35.65362878235          9.48793135279         47.18548149809
         3.56158741678         12.29736213669         -5.47024609993        -21.48309578752
       -42.95089566796         -9.88736140022         27.58126687591         12.19968582298
       -19.48557517695        -37.39308755601        -37.38230852387         24.76484007739
        -0.75927266179        -22.53454381482         44.52397508304         -7.43076132435
       -18.72670123379        -35.50384604538        -37.39834799831         -7.48195583275
        -9.12404032061        -30.11787668429         -8.65195613989        -38.72089539533
        49.02606181566        -20.79504635482         29.49716013351         34.92886607913
        27.19118260413         19.95119859819         31.88658503458          2.71346167301
       -15.79835740792         34.74400618120         41.11581843206         47.12604819590
       -12.42873263160          8.70117770580         48.19918661324         22.01404899004
        -6.57265781297        -49.76700893805         35.46963787288         -5.22006032692
       -24.64488213532         24.77825467770          2.05221615812        -22.29799733306
        18.64935091129         31.34375421318        -14.14509821686        -13.57585417213
       -37.81554277586         34.21996280555        -21.70752113265        -13.60521598257
       -41.07787568902         21.50021777382        -36.39233795629         32.71463438051
        42.23300497799        -13.89049393323         17.02994464760          0.18985226767
         6.78855816758        -48.91812994476        -21.40814574510        -40.64892634846
        30.91923294127          1.87400672315        -22.23698020553          0.06162437917
        -4.00075886226        -13.07486504235        -23.13254316648        -25.78591107882
         0.68488849179         37.83808185755        -22.30839015529         -8.04596963999
         1.51991577781         46.67611261496        -34.66407013148        -48.61928170841
        27.16924248623        -46.16711005384        -33.01712047925        -25.43128275812
       -43.70801163474        -21.49563332921        -13.08105532799         21.00738179563
        44.53438683809         44.09648928792        -44.11616225020          2.29461522081
        32.60389860292         15.90319203259          5.19687231003         30.23967227112
       -11.19438813759        -46.62714820866        -23.76369051593         42.55704269004
       -39.78509654665          6.15860905816         22.75796458379          8.80121003646
       -38.20259123447        -39.08652341181        -14.73171193907          5.13503224735
       -48.83002370531         40.00392640304         23.57722173505         22.91315811470
         2.88157301912         45.16841749657         13.03885571451        -11.74263623179
        11.20878044376         42.58544133727         13.52605215409         -2.56822167968
        37.73198781609          4.62270586755          4.86209203092         35.76263901093
        44.31230502390        -34.13274802849        -32.02613791606          2.48177604563
        31.24452211446         22.22921213888        -26.74143609983        -23.88621872592
        -0.66843748882        -35.94838804424         10.32312733834         36.34556952267
        33.31469426248         -5.38991807571        -32.53033870552         44.83051987034
       -21.96722160013         24.60155012457         26.21502538529         49.46691396305
         3.14159457890         31.57296354558         10.64947010915         22.39186744988
        40.16978447576          5.49370401457        -26.76959786924         45.44878274970
        19.66785367441         14.83500831949         37.30993500826        -39.70375332691
       -21.55039391483         11.80694064925         11.05406746389         22.61889349408
        25.77471818287         38.67091155664         27.50366621195         33.65407593349
       -20.54335216697        -44.27494474756        -34.01712881426         40.21497589782
        35.63002984728        -20.99392241873        -18.87570763364        -45.75902932875
        39.03995139290         24.35466959307          6.15820286486        -35.98830271992
         5.15460155717        -43.79235006455        -47.67334341071         13.35147736896
       -16.45348601100        -13.67002868307         47.72030138304        -20.06151454732
        -8.36924353696        -28.36108787887         10.23127424721         47.78962521703
       -43.06571784959         30.87837936742         -8.45941686818          9.77729104586
       -36.23502320372         25.40078458800         -4.83330200888        -38.09938787998
         7.52543099546        -19.20193708863        -45.87500827465         42.44537482219
       -33.21860199650        -16.57725579469         43.01810089135         -2.89787939444
        45.09017420953         11.52002026043         10.38236531597         30.97880632027
        21.14564773191         37.50269245760          5.43610400871         -5.10537367800
       -10.02413757824          6.55504066286         20.20254493674        -19.35110273893
       -32.60093836565        -13.91725065245         22.15802859378         33.76773115718
       -30.08870837091          1.57974621505          6.55460705471         -2.43893067778
       -27.23098683354          7.04342758784         41.40585355615        -29.30667670848
       -20.14854737285         22.98878222745         -6.20442390364        -47.12918140449
       -15.74064171065         38.94866395910         47.97439300274        -21.26735899410
       -24.51399428943         33.63459676871        -23.22909976176        -41.39530865239
        -9.28963302201         25.38301340971        -47.87644324509         33.49183755942
        29.98519090416        -38.39578607284        -29.99290695165         38.53889599056
        30.98827207753        -44.14551549094         21.91387902416        -27.66798115274
         1.30917162300         36.08760610469         -0.39924994031         37.03296437120
       -38.30734596805         36.95840808342        -15.54058448561        -43.93117057258
        36.32359520589         33.92323835979        -23.10737504781        -43.62726746344
        -6.05846932526        -13.75596849204         25.37032847385        -38.16092442734
       -15.97563704309         29.87086367320         33.74015596870         18.52646653616
        19.35461847364         48.55152967687         46.54188158904        -23.30802363384
       -32.84612088810          8.13084721182         35.96048314545        -47.69539085694
        49.13365941387         -6.84519968807        -25.32193317057         20.59848329775
       -26.86505950718        -18.73018403989         29.08270065833        -16.52934338917
        47.03069163782        -16.33589278484        -14.94511401685          1.62121211026
        34.52119312966         45.71554377610        -44.04152350560         -4.01180687482
       -23.98082311214         16.99462246880          3.03452400866        -19.36479709366
       -43.73869314555         15.09961795755          7.20395515890         47.92520252107
        10.03477378087        -17.92951085407         15.27537777623        -40.58386911871
       -11.77632872139        -14.86371519460        -44.53538106165        -15.01250337813
        10.06810859575        -21.97931197136         41.21373060554         22.91163187695
        34.39490229158         35.48903664210         16.02366765944         46.98559767040
         6.51342961153          4.79515026400        -24.51827727293        -17.74316405176
       -25.20726036253        -25.11329607732        -49.57160698599        -11.62158835439
         5.60324242093        -33.58948605044         -3.77065243251        -13.85326432465
         5.30376575439        -24.60153299761         14.71192149921        -23.21516049921
       -49.77881959750        -48.98179655688         -7.75748996162         21.78373601289
       -43.79482477657        -27.21930134256         43.05111479864         33.67053278945
       -43.43804767529         19.06910945095        -11.90564988297         -7.15777003632
         1.47648478206          5.67529610883         10.98320802725        -36.83808120704
       -31.94983840766        -37.29573978902         43.18648504983        -41.41253409412
        42.89736635539         14.25680757154         36.47382031456        -32.46781870729
       -30.61459323851         -9.49989680215         49.58230894833         30.15767046758
        29.49876950422        -17.78181965464         48.21315179028        -15.16224759952
        49.25837512345         33.12470353426        -27.21593818543         32.80879313433
         1.18098464874        -30.91063383808          7.35386618588         35.76756181711
        12.97896121369         34.61887204986         31.39761642795          6.38149066242
         3.05350320588         39.29099498574        -27.56210804369         49.99803699409
       -38.39663980540         10.19653842559        -22.63211899779        -47.67837582035
         4.46470001322        -37.91553403037        -13.20218975199        -23.33427507508
         8.11196024365        -39.76545617293         47.90896020569         39.91382850511
        20.52414426836         10.34091315845        -45.72356148245         11.59709460574
       -18.67060970083          5.24820982050         28.18597265824        -20.46231745929
        20.45546224200        -41.97725798560         48.18685664591         45.07261037112
       -39.58910407085         15.97395801067         46.45556597977         -5.96452930145
        35.85139584361        -16.14004100451         33.56731575395         18.48782155450
        38.18372197653        -23.44575415610        -34.68520098607         31.19891312355
        35.56875362167         10.23836756016        -33.49525894708        -23.21558875988
        17.03050869906         -0.91412666998        -38.87296566924        -36.11834959455
        47.33882365141         16.51242455127        -27.65521694395        -35.04118803380
        26.73740307267          4.13736124883         -2.21924823278         42.50198271376
        22.09590595288        -38.45691883717        -30.30793336262         23.19064495951
        -1.11029256387        -33.07882960806        -15.06717317906         -0.40246448225
        15.59815983119         48.03970421223         -1.65552032507        -35.48268227459
       -39.95426791042        -28.83163134506         22.44230162722        -11.36810491612
       -42.10955850519         19.79603840695         -3.86425810040          3.34628580030
        16.93101982233        -34.66054724290        -48.05297475635        -15.85374046602
        44.39245065566         30.35645105600        -29.23174003024         17.73246545985
       -38.56841846400         48.57551706886         22.83248590265        -46.00628664369
        25.46351611022        -26.80533574284         10.01674589795        -28.51222016318
        26.21023117233         46.22191807082         17.24416160106         40.42676710098
        19.16763278360          2.81661027517         -7.10259288636        -20.73261533785
        35.87799673832         21.89067426725         14.45337373732        -27.97090307508
       -26.43510984180         24.77877431158        -46.90393505060         -3.73645249788
        12.61005372992         38.65346502263         43.87159284943         -6.37750708598
       -36.80777262143         -3.14029325134         44.53685763444         26.21597597733
       -18.22114623503         18.35999779052        -16.81122453385        -31.75897719511
       -44.85972559116        -30.30777542745         49.05066193396         -9.50858773952
         1.08105398750        -17.68184164556         33.67780881435        -36.18117299560
         3.83134169577        -32.58803685457          4.97051810585        -25.71663846169
        26.63193867265        -45.46044413251        -11.56225963497         49.13399043393
        41.99448653130        -44.87090190657         -3.58950297301        -46.09727488401
       -38.06809341140        -49.84963726946        -31.18415301087        -13.64303081097
        40.58416051744         -4.26816891861        -49.23788468043        -13.54013861028
        45.57010613221          1.31645846851        -38.69855768006         -9.85833830236
       -35.87704030033         27.39962650078        -47.81834999771        -14.25394954398
       -43.41173073673          6.52260887095        -24.11632470655        -23.13034104116
        26.22845686291         28.35368467735         33.30974928351          9.77065250385
        41.51717923226         33.11519280414        -33.18080154565          9.24808891181
       -21.50233142983        -42.59222392249         -7.03762854285        -15.52467001508
       -18.36116007590         49.86668882345        -15.58437173108        -26.26760247646
        42.45017581072        -26.67959525303        -31.84134027587         28.05141207230
       -34.58983495612        -14.99047393949         46.55198192515         -9.66190232465
        31.99163315777          4.92743830628        -25.16334979056        -48.69475912959
         9.22619617355         14.05038925440        -26.11604679009         28.55622241702
       -44.71856257369        -38.55321169111        -40.81583948861         29.15687872467
        48.06560149629        -48.03474251336          5.78849422426          9.03786683321
        23.77848014526        -28.86435424828        -47.87124666009         30.64111642720
       -22.16131992367         -7.97636096880        -45.61252098593          6.82537591788
       -16.19519713626         10.02687685145        -42.57609060049         39.84342837552
        14.31012748894        -23.08696774969        -41.00388991198         20.69091552303
        -9.33093772362         40.46783918184         17.87409585566        -47.11469043638
       -22.31702015885         11.62720042215        -23.50568387591        -15.83964585204
       -15.76831864781        -21.86386241408         -3.33778524720         -5.00546886205
        19.42818457378          1.17108984492         12.49361210654         32.87496984797
        47.80635906793         18.18338904252          7.17093428383         39.62327885959
        27.38684860493        -40.53415835483        -22.42360791738        -10.53251760701
       -25.19820220648         29.00163436441        -28.65754763367         26.04260953914
       -30.05306814161         29.87951818408        -27.98853657189        -27.33166152550
       -14.64870614721          1.17360670126        -30.14464068539         13.67518883924
        -9.09732647526        -28.32663210833         46.22920672770         -9.39415125930
       -40.10067465340         49.12980966868         -8.20860807501         31.45496592666
         4.80376993947        -21.57229366565         18.45474246920         33.43920029250
        16.84959756939         45.01271680554        -19.16236727188         34.38646261432
        39.73127613108          1.79354205764         17.40074461265         49.01849840558
         3.53045313011         23.64458347879        -41.45545887305        -34.60435666630
        16.81407012298         43.65992041413        -19.18763769127         23.76085782085
       -35.09370119460        -23.13410986339         21.11226538035         28.54143365386
        39.96545039406        -29.81562396660          3.46006425850        -35.76947556759
       -17.41223602038         16.84854188930         21.24625554959        -33.85310149509
        18.09861382717         -7.01414325814         -6.36487297121          0.21580020931
        37.49627917572          0.61446716353        -30.49601605903         40.94970199568
       -21.10170688218         37.45089587653          2.06925101975        -11.27062888504
         8.51362225290        -29.11077686625         30.02760667008         35.53772543599
        26.95692973136         -7.14591349613         -1.84050488350         45.22954541644
       -39.60591992275        -26.14230098992         47.66507984112          2.93525729673
        37.34401030170        -17.53375404742         15.47462031250        -31.38916481674
       -46.48705678876          0.06495761787        -32.99969076913         -8.38023679854
        29.80016648912         45.68424750503         32.66994893392         -8.95907034224
        45.94492028834        -33.39903560294        -26.96537462553         46.33688280033
        18.68483146265         39.80596903015        -49.44462715365         29.77227107499
         3.90227253664         25.35639517262         -2.17496639745        -23.29783421898
        28.24028702010        -18.75789850577        -25.15010982913        -37.45956192998
       -21.94392820524        -13.83671930602         40.96411329869         19.77459452572
        39.81788964740        -13.38622420672         38.18365353802        -16.49744268491
       -24.73465932197         34.54621513593        -18.66175868246        -37.02881255801
       -19.08813440845        -23.15891825904          3.93439189142         24.74504116138
       -24.67323655181         37.11731097686        -22.26069807059         -4.04670437743
       -14.97839733509          8.98627148984        -44.64201121445         -5.12685034891
        35.01442457622         48.01308303348         21.91014216064          0.46027595407
       -20.85796446462        -48.09561426543        -25.40101981611         47.58282072084
       -34.85596582857         45.35051650999         -9.10270563369         33.61038376548
        -1.29605832498         18.96639552470        -40.59404202801          8.72936411939
        40.49876554684         17.70608898402         33.68957751571         -8.55177912714
        -7.38368115409         48.08343223708         -5.89585647574         24.20326667476
        37.99604013580          6.30924169372        -45.77654382603          8.73283336941
        22.84696830444         17.67463533125          8.34941028994         20.35731775832
       -18.61587463513         20.41246984255         40.71741485902        -33.63055786965
       -18.79718677533         19.30041358098         20.91784963214         -5.46902930865
        33.27234012377         34.48891636488        -46.47180206328         23.76939803640
        12.70393666052         17.57458317902        -39.74119561448         32.86238808215
       -38.97210799782          9.88057438800        -32.90010994752        -17.05741939205
       -30.19165334405        -34.14600497215         20.61019054872         44.77005710027
       -14.11634313268        -46.31672643667        -10.88041461723         35.75048031624
        14.45931323168        -24.90262307863         37.12523387835          5.64679529087
        12.74451449786         48.50248988725         -8.76804321820         -3.52502659170
       -13.37399404876         15.73132682927        -39.35369323044        -30.46398987867
       -23.58113708909         -2.07337092104        -43.86859847411         -6.29346571826
        47.90897645412          5.11924572086         -4.99706380738        -40.59472953713
       -26.54370906568          2.62294614609         39.64485153499         30.72570786245
        -1.52817071523         11.78443901302         24.82891437918        -23.46848589924
        27.22330847450        -33.18896389753        -44.79202502520        -24.78218660641
         7.89549183383         21.00868880414        -32.57798687792         26.04363616762
         0.94448636849         23.89359211177         -0.91536187422         28.86508274506
       -48.81650382137        -40.67445408077        -42.89314621589        -33.27731780802
        11.09416178246         29.69693435658        -48.75194107943         21.68300668137
        44.42697362496        -34.80965387799         -6.39796572524         -4.03015362083
        -1.97872480510        -19.02950500150        -34.92903690274         33.44125077897
       -13.27809674508          2.30895530250         -0.05307007320         21.37254262289
        15.27244335980          4.69994137356         -9.80846368888        -39.74049430019
        26.88848403142         19.23353798962         -5.02614151472        -10.60402670363
       -32.76125932845        -11.36371854042        -26.86253272445         43.84539793094
         1.30292923507        -42.43566872701         38.09138646003         20.14479567726
        -0.33767490544         45.19996829274         15.52876022521        -27.47860367299
        49.98593066305         12.86586732993         37.79678857134        -35.81826746665
        31.56048684420        -45.18422513497        -14.29796001328        -31.33517978295
        -9.13874295356        -49.12605671014        -26.78148553520         20.82820432145
        17.78029860653        -18.63484755490          1.13819590950        -17.54396596625
       -49.05909013563         29.36725506414         27.53269084074         45.84546124433
         3.89930918314        -27.44364631564        -17.51989332550        -41.85405088860
        35.22774670651        -12.05607774445          4.37256542367        -23.52377774594
        35.06457668480          1.45432065435         38.99919473727          9.93958034578
         4.74576914359          2.48098396834         -0.41262027303        -34.28618457315
        12.81183429305         33.24039000592        -38.83356629460         22.78642306068
        26.82571211172         47.40501489742        -34.02473891928        -32.44063720265
        19.57261009372         32.53747548771        -32.91351345717        -28.91146918006
       -29.09902915346         -4.99721558185         34.51628843191          8.70492911967
        48.12086136907         25.09616581267        -43.36411379423        -16.34026843686
       -34.49843536741         35.45771407826         -8.08919760083        -12.90903727849
        49.37794541158        -19.63322789696        -34.24571497105        -32.78996153526
         0.61987760868        -39.05921804399         40.21665366675          5.98516723334
        31.56166132864         -8.03974148128         32.37946313543         48.36605264185
       -49.01766185528        -16.64044280624         30.29849294563        -24.38392122934
        28.78696010178        -40.84053820498        -44.19202092336         -7.02438452067
       -43.39675447482         42.05469047904         12.37035127020         -8.88530177917
       -16.58166200090         12.89241563244         -0.66342647548        -48.38190903016
       -25.98409325099         40.32623484706        -34.89615535601        -15.28121091738
       -47.62333160341         33.03193931421        -33.66322051385         27.68313059893
        27.74337200304         11.35066321865        -19.34833542854        -44.76114506920
       -33.01801301077         48.19389774768        -32.11669354931        -31.98186883019
       -16.93987743129         -2.30323272314        -11.15853242212         43.53106125817
       -44.65703483266         36.06855457149         30.49495756229         25.61932891711
        32.54044830512         27.19228488552          1.34572107459         42.12148431342
       -40.92071874212         26.22130863419         20.72599010383         25.81222986615
        34.13407794615        -23.62513791903        -11.87685336276         48.50971651981
        28.99067922228         17.96773531694          8.67090476313          3.73736208830
        42.92890540800        -10.13438291972         38.65236371447        -26.11732935810
       -38.54092056104          7.90593972169         42.37172952992          2.10275825024
       -21.32509831796         29.15584716728         14.43583132723        -12.28041282042
        -8.17719761093        -20.29224038158         45.36577281896        -41.82300986294
       -48.38306243065          8.19210027555        -19.11031239964         29.97962785504
        47.46207168981        -47.52132185865          4.26510311935         15.37281575792
       -23.10473227546         15.04555987070        -11.48378248257         -5.67909158801
        12.88266532014        -12.91223317461         44.92910345399        -40.52571757613
        49.02605619733        -12.28405508090        -14.41681517871         34.79477214579
       -27.87704554679         48.72594494126         37.47207259992         47.76540164519
        26.94841352088         16.49132108714         46.20737840914        -20.06787382587
       -45.79043078503        -39.70026833826          2.47820881929         32.73524090421
       -41.29435809709         27.16311947231         23.35742711501        -18.91588741383
        45.38968818356         37.45543337301         21.89924136212          1.29282500950
       -46.36130826198        -10.04041218644        -30.64599848717        -43.01753307407
       -40.71655937227          8.44851876064        -10.06358007139         13.77350601513
       -41.98618068983         47.80392604033         16.79603987784         28.30458082149
        27.45596777001         47.71815742689        -40.28282036504        -13.02978353780
        12.56098500626         24.98665397888        -49.95700502065        -29.30186732981
       -33.76674169367        -45.13614668870        -42.95647839779        -41.23331994243
         9.80204472683         22.60986199627         16.73852834143         16.72420192811
       -42.79062352474         28.97176502064        -19.91480593525        -15.07435619608
        30.92777426362        -36.97838907286        -42.86650732316         13.01175052623
       -28.21497018643        -38.29847593806         -6.03334217421         14.86631772145
       -25.94142459815          0.38308522266         28.31756863169        -25.12264418642
        19.17752995561         17.77828487305          9.94906236304        -44.74772011154
       -39.48893832429        -36.33408469843        -42.47416986546         11.02419654105
        37.20030783825         -8.04776872721          3.05004924369         33.18474743096
        18.24125042527        -26.81880808070        -26.86509189879         -3.84521259827
       -43.05842825412         -6.29582518748        -39.94531202802         14.55550022350
         7.86167931431         42.54640142021        -39.21843485587        -29.47226491134
        20.31339281403         16.36604269670        -13.39291131036         48.00847965592
        -5.14431258886        -37.24714154002         34.89221976144         44.24505726857
        38.97070039599         47.11251938042        -22.40576423381         49.14460274017
        46.75882346982         32.34215872805         28.42948835404        -26.41182625778
       -15.89570463365         35.25850142487        -44.74665856579         26.54898660825
        18.90980832341         11.80681186827          1.94353183823          1.56607457399
        41.90942440740        -16.00783630822        -35.48326047468         46.93048612785
        20.05171730657          3.85131285592         -7.27598767446         37.34659824259
        31.27782080819          9.00558386160          2.64163653459        -42.53992049206
        -6.62136681160        -28.46546340933        -30.06352475675         24.21627501225
        25.02252886863         -9.94944805009        -30.41041626696        -40.57319776301
        34.49417331783         35.17365810544        -12.83684899258         -1.70996218361
        36.31549618305        -11.25153981837         46.66584338640        -19.34830875009
        -5.11489905003        -25.04816437296         22.71099504505        -15.91167828497
        -1.93989275792          2.68467058424        -18.98082681335        -47.82402060760
        45.31381356766         32.01734951736         13.69057378534        -21.09213270546
       -22.26174242116         26.95395539174        -17.25668452005         30.34324171068
         9.26462272247         -9.10156340095         46.72034637119          4.77015067818
        47.52743810807        -20.13760541534        -43.49116647443         31.42682597432
        31.22138052538         21.12712278272        -47.94047250406        -11.43351016408
        49.71684240731        -15.88124355539        -11.50266214788         -5.81659323915
       -11.96169612437         14.65437503713         27.87772366239        -49.99992481094
       -26.94160603237         -6.65781450956         -4.95380120045         32.43409283924
        18.64737271420         12.76286039572          1.88772667203         19.95598016414
       -43.42659708418         -1.39578870729        -11.01560739796        -17.51595782280
        31.50131042114         25.13012222333        -20.11415747458          0.74690627833
       -24.21540832910         40.43967040324        -11.15167216419         40.41207357026
       -15.08341322731         12.87183382193        -17.63706712095         49.92014743068
        20.83641465565          7.49076331255        -13.42446730513         -4.02512674864
        12.30167488200         21.22248375461          2.87991421471          8.99028829589
        16.09063086123         13.42030009425        -42.02024933555         31.16939343594
        42.05019620392        -19.39704255538         20.20121764228         38.28170641612
        -5.32708327607         36.43748466428         27.97354883610        -36.96154714744
        -9.84899982251        -48.26472038755        -22.19893000456         -7.10886567301
        32.21175838733        -24.59044510314         41.47522521182         -7.52793579289
        25.81171788842         24.36704344612         43.94982963121         22.29358089218
       -48.57238212103          2.51948401331         16.51427409512        -43.81456956728
       -33.47989362778         41.47444666486        -25.66355902376         31.30164436486
        29.89338883917        -30.01053479006         29.51455721332        -20.86007701298
         9.44986608045        -22.84937777066         26.43855992923         -7.87844769505
       -27.10825565867         40.16646377266        -40.01521975455         -1.87142001992
       -15.99146942077          7.51086017079        -34.52177246849        -41.58878286560
        -9.64419875299         47.14701674333         -0.30385085945         27.61170751207
       -37.89276929491         49.58737714849         16.87787762858         34.46926905624
       -39.67641007752         34.23384847176         -9.12538495683        -29.26887617322
       -46.38769087418          6.39556899933         24.83598547856         10.29948293470
       -28.72885855759          4.15965169288         14.43958398647        -32.32028620212
       -24.24858275280        -42.19044384207         14.50783913873        -34.45212130494
        39.55652553872         16.36789882440         -0.43174934404        -17.25185999240
        46.88237599267         16.15552634912         16.10171263479         30.17226721533
       -40.63445810986        -44.65419205074        -48.34638771800        -38.66310698506
       -49.96381795186         17.15894553302         17.88466473020         14.78172523416
        49.56372516911         -6.33507362609         16.46809732329         39.67568208598
        49.76066618631        -28.12034714963        -28.76200301759          5.46564126049
        46.54343925793        -15.14052856238        -28.81285447119         10.28726126976
        17.40492629803         -1.82585362780         -1.54370456621        -15.09850467264
       -41.32985003279        -47.74577459069         12.42453675581        -37.15810545827
        19.08148621093        -32.63308063538         23.86405153689         -7.65671824837
        15.68180218096         32.17188047782         -8.51788062631          0.46043068773
         2.35463441843        -31.15278794451         26.38101702278        -14.70904918730
       -15.69656815395         43.73522170125         -9.16997655866        -42.73236874206
        26.46504129095         33.51087946286        -39.10419244062        -33.24763354766
        40.63049356159        -19.47445846473        -13.52444976774        -14.40590425876
       -22.60942995351         30.47832959984        -28.59990290882         14.47380473734
       -45.26447387447         31.98853305838        -42.22978291022         -9.71571235678
         4.99482863950         12.34983070923        -48.97191470480        -19.89791986176
       -44.85561138457         21.12403172745         33.63853948126         11.26138506563
        46.17632808609         -2.43757986456         14.79854743085         -1.05489001217
       -30.37737234372        -21.18307744713         10.46567341396          1.29702019851
       -42.12364620825          4.69230192923         -2.36188256523         42.81098533505
       -10.17929767866         -1.86633810680         14.50945958104        -42.52010521919
        -7.73617533244        -33.03075961599         48.62414809473         -9.14109513727
        40.36765270054         48.25488217296        -17.05928748548         39.09859607500
        45.26394858291         19.03918842449         27.39116739015        -40.29258629411
        47.07481098738         -9.14883900810        -18.18483183635        -34.44073960750
       -40.93712350317          7.88059049170        -34.50648435878         -5.48220820562
        -3.54882598979         21.68741742690        -33.16102845594         17.94436447615
       -24.46566141806         32.05970062715        -46.62913743925          5.34349818664
       -43.04360446216        -32.97694731778        -14.64907201725         39.91199748091
         1.48354297202          9.14940647077         -9.10329149053        -41.39772029708
        39.83584566521          7.35082256543         19.86342296988         38.27868910680
        45.09003614606        -17.68924358106         22.83198945772          4.72075055849
       -46.24965232205         17.08529307489        -35.72303658846        -25.99559692614
        -9.56649365313        -47.22930413660        -16.96991085289        -27.81509853634
        45.82848594810         42.09154455879         46.24243417786        -26.91494652849
       -45.73244487189         -9.65174400430         15.39688370116        -14.54520064970
        -3.37971895358          5.94647967572        -46.63958509045          7.19133408811
        19.03528960332         46.26753278206         25.34833280584        -24.84282276171
        -7.62993053900          9.19822766893        -26.61242493278         -9.25908338684
        47.14678706101         -9.69377804828         37.78949463702         26.69267868755
        11.36314855722         -5.86678998237          7.34124323011        -18.47631909173
        34.85261603493        -28.29597520354        -14.97740105254         44.68249146967
        -9.42224640321         44.51259167631         36.52365087640        -17.87199256619
       -47.60179015120        -29.81529219427        -38.81237057901          5.37477319584
       -11.88047630498         27.72542572108         16.71989812014         -0.29525802899
        38.48384657270         26.12865653035        -39.09025514798        -25.92258134785
       -20.23859761155         49.40358238327         36.47036538932         20.91642234393
        49.38225422756         25.66562801258        -40.62447708344         16.19746124415
       -47.68241886774        -13.80228228785        -39.60860576517         35.05100707909
        -3.19092238204          3.93418219530         33.02275518439        -14.84810473538
       -19.75027878592         22.90521324494         21.90751897071         31.71860632405
       -45.62390056254        -35.05720626216         -6.93388239688         16.36605670593
       -29.89716060308         33.85125727598        -23.78318706621          2.13119804661
        40.53960300479         47.59612845335        -13.49505141317         30.29680658840
        -0.78054176884         46.17906565168        -31.49089951948         20.00303669576
         2.00556313558         17.64261935619        -24.27154526288          0.30000099010
        -1.27281410395        -31.25775892967         47.25673756749         27.31010884917
       -29.21328617221        -46.10735127265        -19.18867848439        -34.47191309652
       -19.80565885495          0.87902742708        -11.76478409085         -3.42751511211
         6.57358918637         48.72861597661        -45.99079804852         28.56824016897
       -29.71749348079         44.75574774384         43.93838750544          5.02904718975
         8.85560416246        -14.15828766338         12.94515732065        -11.62494900408
         8.39866527373        -16.18384806436        -38.47033297457         -3.47984200600
        30.03121854122        -49.04487419444        -10.21054659864         21.71586465572
        35.16424472055        -43.88437370228         44.47542581944          6.23723669062
        16.14945249328         40.12874675890        -44.49986558604         47.73802318455
       -32.46145297558         14.33259859453        -26.87222293081          2.33963730280
        38.43764190584        -37.16445596373         19.86427955560          3.01232127191
       -43.08154548609         20.81965555253         19.11009077827        -34.78133695989
        -7.68431963410        -46.54499472799        -22.14240837384        -27.76704132870
        15.07942008561         33.99845958305         15.71496234349          2.41617563506
       -28.49845129230        -42.96617711914         37.01777573562         25.28019381277
       -27.25613164202        -17.14523648635         -7.98647400327        -41.81460863183
       -48.97703344226         -4.43431479508          4.49947037069        -38.40950346819
        35.88390735662          5.85231209487         13.60139523203         10.74129742425
       -37.10379708497        -36.16154915176         35.09771528008        -32.87783281792
        21.22449450045        -39.25407534645        -46.04853099648         -2.32293505762
         6.26822645076        -38.25685575764        -23.74087550945         44.46159375553
        37.28528087963        -47.14267205999          1.86441538130        -15.94144459814
       -35.70538235896        -19.46923670758        -40.17862691028         -3.61537533558
        32.65055912474        -20.30766740381        -14.09885328690        -42.78672795249
        42.63013467453        -34.00490410823         -1.17735180960        -47.14797619675
        47.05723539916        -31.11801816591         42.54991702126         40.69592565852
        19.91227228085         37.19484870064         10.09790242689          2.69942469249
       -25.74528631117         13.50655611187         31.26567981974        -13.54774141131
       -42.64552326103         42.00164497255         10.77137425502        -32.59008722938
       -16.06126803193        -24.50065055894         44.88819494623         20.63565985958
        27.71726880855        -24.44435739456         -8.34553865512        -15.93708558175
         2.68236221902         -7.90916833068          7.39135913780        -23.03093990215
        42.53919650563        -22.67497854097         27.75796301156         39.42573001296
       -16.36750606889         21.38149553489        -40.81282089972        -40.27070376953
       -46.95498636309          9.07424580788        -25.59066630904         45.73334358381
        39.77304425119        -15.00368456169        -12.47360971745        -32.38312958300
       -33.53118919019        -23.14130110514         35.56496800917         21.25780853254
         6.57964441683         25.21755650394        -12.28474274843         15.40511477225
        49.29050419189        -48.75037962337        -49.90090172963         40.19769928746
        19.21243553172         18.17988095184        -27.82702356645        -45.21997433630
        39.61204343674         26.51734242783        -48.27521792628        -28.28641157724
        -7.77012187542         -7.98067106017         17.83521566451         -0.46755715973
       -13.16886807318          2.85984042039         38.67367442427        -43.03136480798
       -16.02661291985         -9.30720946328        -19.27372383282        -35.42456769714
       -35.14245280760         36.58613584920        -31.65917975033         -2.94781348485
        15.79149241982         12.01991466419          0.03458762717         14.14204632074
        37.77914255110        -44.37044677261         31.37253835313         15.02990055882
        19.63963482633         25.43906265759        -38.21293812839        -35.15546423224
        -8.65548801155        -46.20340578262         -8.22997867598         27.49418320264
         7.16399810399         20.82464023404        -36.64268051939        -18.92769005781
        12.15260626882         37.61816318546         21.31099333678         10.81001773790
        31.92391227179         35.57541621045        -22.87973813971         34.55964664853
         2.30048711696         -4.59397569099         45.31378653191        -27.55842031718
        -1.27924432007          4.38755700440        -47.63084987451         39.17307961551
       -10.20829301036        -35.02361639393          0.36957614765        -13.71825776326
         4.74480960910         -1.57732306006        -20.43578769902         -6.72524150134
       -41.38974885590        -42.97838607765         15.77053851774        -23.40232104083
        36.91105481791         24.66046567392        -43.30837888548        -46.58233109662
       -25.51562673224         32.35140965034        -49.59411829072        -17.44601772954
       -11.78120967963        -40.25423044257        -19.61487410898        -16.69728415233
        49.28074289936         12.17559875826        -20.74601893220         -6.55093681535
        49.84063507288         16.85033265767        -41.03567604133         16.36018448694
        40.84538070137        -15.30422392510         48.48689876298        -30.60794531921
       -30.28200680714         16.90054937484         15.57028693901        -36.41871234464
        20.04924734701         39.71321712076         39.31157646790        -37.56307512317
        -1.10075741595        -41.44900673443        -21.73841473262         -8.28299793132
         9.80990595669          9.36398228445        -18.87292007071          4.25126498289
        14.87719133468         48.78072467018        -19.86202957357        -13.35819330818
       -36.10555855163        -19.78427267579        -49.25457866258        -13.51883179734
        47.73275783870        -19.01095054624         26.86420316619         40.43057312164
        31.92919849148         40.18829750429        -20.81409650363         30.42926470360
        26.93898974511         36.81214985498         49.62113079943         28.53264791871
       -14.36541036792         -1.21402332323          7.83659202575        -19.67107663451
       -45.73441358711         29.33254307608          9.32187451377         -0.83138251026
        34.41709345472         39.28298210199         23.81193399813         33.54689564604
